Datum,Standort,Parameter,Intervall,Einheit,Wert,Status
2026-01-01T00:00+0100,Zch_Heubeeribüel,NO,d1,µg/m3,2.33,provisorisch
2026-01-01T00:00+0100,Zch_Heubeeribüel,NO2,d1,µg/m3,17.5,provisorisch
2026-01-01T00:00+0100,Zch_Heubeeribüel,NOx,d1,ppb,11.02,provisorisch
2026-01-01T00:00+0100,Zch_Heubeeribüel,O3,d1,µg/m3,37.24,provisorisch
2026-01-01T00:00+0100,Zch_Heubeeribüel,O3_max_h1,d1,µg/m3,56.38,provisorisch
2026-01-01T00:00+0100,Zch_Heubeeribüel,O3_nb_h1>120,d1,1,0,provisorisch
2026-01-01T00:00+0100,Zch_Heubeeribüel,PM10,d1,µg/m3,25.83,provisorisch
2026-01-01T00:00+0100,Zch_Heubeeribüel,PM2.5,d1,µg/m3,24.71,provisorisch
2026-01-01T00:00+0100,Zch_Rosengartenstrasse,NO,d1,µg/m3,20.46,provisorisch
2026-01-01T00:00+0100,Zch_Rosengartenstrasse,NO2,d1,µg/m3,34.61,provisorisch
2026-01-01T00:00+0100,Zch_Rosengartenstrasse,NOx,d1,ppb,34.51,provisorisch
2026-01-01T00:00+0100,Zch_Rosengartenstrasse,O3,d1,µg/m3,22.25,provisorisch
2026-01-01T00:00+0100,Zch_Rosengartenstrasse,O3_max_h1,d1,µg/m3,50.22,provisorisch
2026-01-01T00:00+0100,Zch_Rosengartenstrasse,O3_nb_h1>120,d1,1,0,provisorisch
2026-01-01T00:00+0100,Zch_Rosengartenstrasse,PM10,d1,µg/m3,62.4,provisorisch
2026-01-01T00:00+0100,Zch_Rosengartenstrasse,PM2.5,d1,µg/m3,52.06,provisorisch
2026-01-01T00:00+0100,Zch_Rosengartenstrasse,PNc,d1,1/cm3,17054.91,provisorisch
2026-01-01T00:00+0100,Zch_Schimmelstrasse,NO,d1,µg/m3,25.32,provisorisch
2026-01-01T00:00+0100,Zch_Schimmelstrasse,NO2,d1,µg/m3,39.24,provisorisch
2026-01-01T00:00+0100,Zch_Schimmelstrasse,NOx,d1,ppb,40.82,provisorisch
2026-01-01T00:00+0100,Zch_Schimmelstrasse,O3,d1,µg/m3,17.67,provisorisch
2026-01-01T00:00+0100,Zch_Schimmelstrasse,O3_max_h1,d1,µg/m3,47.14,provisorisch
2026-01-01T00:00+0100,Zch_Schimmelstrasse,O3_nb_h1>120,d1,1,0,provisorisch
2026-01-01T00:00+0100,Zch_Schimmelstrasse,PM10,d1,µg/m3,65.77,provisorisch
2026-01-01T00:00+0100,Zch_Schimmelstrasse,PM2.5,d1,µg/m3,57.01,provisorisch
2026-01-01T00:00+0100,Zch_Schimmelstrasse,PN,d1,1/cm3,18792.78,provisorisch
2026-01-01T00:00+0100,Zch_Stampfenbachstrasse,NO,d1,µg/m3,13.54,provisorisch
2026-01-01T00:00+0100,Zch_Stampfenbachstrasse,NO2,d1,µg/m3,29.25,provisorisch
2026-01-01T00:00+0100,Zch_Stampfenbachstrasse,NOx,d1,ppb,26.15,provisorisch
2026-01-01T00:00+0100,Zch_Stampfenbachstrasse,O3,d1,µg/m3,24.04,provisorisch
2026-01-01T00:00+0100,Zch_Stampfenbachstrasse,O3_max_h1,d1,µg/m3,52.25,provisorisch
2026-01-01T00:00+0100,Zch_Stampfenbachstrasse,O3_nb_h1>120,d1,1,0,provisorisch
2026-01-01T00:00+0100,Zch_Stampfenbachstrasse,PM10,d1,µg/m3,64.59,provisorisch
2026-01-01T00:00+0100,Zch_Stampfenbachstrasse,PM2.5,d1,µg/m3,52.86,provisorisch
2026-01-02T00:00+0100,Zch_Heubeeribüel,NO,d1,µg/m3,1.21,provisorisch
2026-01-02T00:00+0100,Zch_Heubeeribüel,NO2,d1,µg/m3,7.89,provisorisch
2026-01-02T00:00+0100,Zch_Heubeeribüel,NOx,d1,ppb,5.09,provisorisch
2026-01-02T00:00+0100,Zch_Heubeeribüel,O3,d1,µg/m3,65.42,provisorisch
2026-01-02T00:00+0100,Zch_Heubeeribüel,O3_max_h1,d1,µg/m3,75.43,provisorisch
2026-01-02T00:00+0100,Zch_Heubeeribüel,O3_nb_h1>120,d1,1,0,provisorisch
2026-01-02T00:00+0100,Zch_Heubeeribüel,PM10,d1,µg/m3,5.82,provisorisch
2026-01-02T00:00+0100,Zch_Heubeeribüel,PM2.5,d1,µg/m3,4.45,provisorisch
2026-01-02T00:00+0100,Zch_Rosengartenstrasse,NO,d1,µg/m3,8.75,provisorisch
2026-01-02T00:00+0100,Zch_Rosengartenstrasse,NO2,d1,µg/m3,28.49,provisorisch
2026-01-02T00:00+0100,Zch_Rosengartenstrasse,NOx,d1,ppb,21.91,provisorisch
2026-01-02T00:00+0100,Zch_Rosengartenstrasse,O3,d1,µg/m3,43.84,provisorisch
2026-01-02T00:00+0100,Zch_Rosengartenstrasse,O3_max_h1,d1,µg/m3,69.68,provisorisch
2026-01-02T00:00+0100,Zch_Rosengartenstrasse,O3_nb_h1>120,d1,1,0,provisorisch
2026-01-02T00:00+0100,Zch_Rosengartenstrasse,PM10,d1,µg/m3,8.48,provisorisch
2026-01-02T00:00+0100,Zch_Rosengartenstrasse,PM2.5,d1,µg/m3,5.93,provisorisch
2026-01-02T00:00+0100,Zch_Rosengartenstrasse,PNc,d1,1/cm3,12080.93,provisorisch
2026-01-02T00:00+0100,Zch_Schimmelstrasse,NO,d1,µg/m3,4.53,provisorisch
2026-01-02T00:00+0100,Zch_Schimmelstrasse,NO2,d1,µg/m3,19.37,provisorisch
2026-01-02T00:00+0100,Zch_Schimmelstrasse,NOx,d1,ppb,13.76,provisorisch
2026-01-02T00:00+0100,Zch_Schimmelstrasse,O3,d1,µg/m3,51.56,provisorisch
2026-01-02T00:00+0100,Zch_Schimmelstrasse,O3_max_h1,d1,µg/m3,69.67,provisorisch
2026-01-02T00:00+0100,Zch_Schimmelstrasse,O3_nb_h1>120,d1,1,0,provisorisch
2026-01-02T00:00+0100,Zch_Schimmelstrasse,PM10,d1,µg/m3,7.96,provisorisch
2026-01-02T00:00+0100,Zch_Schimmelstrasse,PM2.5,d1,µg/m3,5.47,provisorisch
2026-01-02T00:00+0100,Zch_Schimmelstrasse,PN,d1,1/cm3,6580.62,provisorisch
2026-01-02T00:00+0100,Zch_Stampfenbachstrasse,NO,d1,µg/m3,1.75,provisorisch
2026-01-02T00:00+0100,Zch_Stampfenbachstrasse,NO2,d1,µg/m3,13.77,provisorisch
2026-01-02T00:00+0100,Zch_Stampfenbachstrasse,NOx,d1,ppb,8.6,provisorisch
2026-01-02T00:00+0100,Zch_Stampfenbachstrasse,O3,d1,µg/m3,56.22,provisorisch
2026-01-02T00:00+0100,Zch_Stampfenbachstrasse,O3_max_h1,d1,µg/m3,71.83,provisorisch
2026-01-02T00:00+0100,Zch_Stampfenbachstrasse,O3_nb_h1>120,d1,1,0,provisorisch
2026-01-02T00:00+0100,Zch_Stampfenbachstrasse,PM10,d1,µg/m3,8.26,provisorisch
2026-01-02T00:00+0100,Zch_Stampfenbachstrasse,PM2.5,d1,µg/m3,5.61,provisorisch
2026-01-03T00:00+0100,Zch_Heubeeribüel,NO,d1,µg/m3,1.58,provisorisch
2026-01-03T00:00+0100,Zch_Heubeeribüel,NO2,d1,µg/m3,8.94,provisorisch
2026-01-03T00:00+0100,Zch_Heubeeribüel,NOx,d1,ppb,5.94,provisorisch
2026-01-03T00:00+0100,Zch_Heubeeribüel,O3,d1,µg/m3,61.43,provisorisch
2026-01-03T00:00+0100,Zch_Heubeeribüel,O3_max_h1,d1,µg/m3,71.24,provisorisch
2026-01-03T00:00+0100,Zch_Heubeeribüel,O3_nb_h1>120,d1,1,0,provisorisch
2026-01-03T00:00+0100,Zch_Heubeeribüel,PM10,d1,µg/m3,5.11,provisorisch
2026-01-03T00:00+0100,Zch_Heubeeribüel,PM2.5,d1,µg/m3,3.93,provisorisch
2026-01-03T00:00+0100,Zch_Rosengartenstrasse,NO,d1,µg/m3,9.07,provisorisch
2026-01-03T00:00+0100,Zch_Rosengartenstrasse,NO2,d1,µg/m3,26.01,provisorisch
2026-01-03T00:00+0100,Zch_Rosengartenstrasse,NOx,d1,ppb,20.87,provisorisch
2026-01-03T00:00+0100,Zch_Rosengartenstrasse,O3,d1,µg/m3,47.01,provisorisch
2026-01-03T00:00+0100,Zch_Rosengartenstrasse,O3_max_h1,d1,µg/m3,59.84,provisorisch
2026-01-03T00:00+0100,Zch_Rosengartenstrasse,O3_nb_h1>120,d1,1,0,provisorisch
2026-01-03T00:00+0100,Zch_Rosengartenstrasse,PM10,d1,µg/m3,8.5,provisorisch
2026-01-03T00:00+0100,Zch_Rosengartenstrasse,PM2.5,d1,µg/m3,5.05,provisorisch
2026-01-03T00:00+0100,Zch_Rosengartenstrasse,PNc,d1,1/cm3,12712.83,provisorisch
2026-01-03T00:00+0100,Zch_Schimmelstrasse,NO,d1,µg/m3,9.69,provisorisch
2026-01-03T00:00+0100,Zch_Schimmelstrasse,NO2,d1,µg/m3,26.83,provisorisch
2026-01-03T00:00+0100,Zch_Schimmelstrasse,NOx,d1,ppb,21.8,provisorisch
2026-01-03T00:00+0100,Zch_Schimmelstrasse,O3,d1,µg/m3,45.18,provisorisch
2026-01-03T00:00+0100,Zch_Schimmelstrasse,O3_max_h1,d1,µg/m3,61.75,provisorisch
2026-01-03T00:00+0100,Zch_Schimmelstrasse,O3_nb_h1>120,d1,1,0,provisorisch
2026-01-03T00:00+0100,Zch_Schimmelstrasse,PM10,d1,µg/m3,8.07,provisorisch
2026-01-03T00:00+0100,Zch_Schimmelstrasse,PM2.5,d1,µg/m3,5.22,provisorisch
2026-01-03T00:00+0100,Zch_Schimmelstrasse,PN,d1,1/cm3,11325.09,provisorisch
2026-01-03T00:00+0100,Zch_Stampfenbachstrasse,NO,d1,µg/m3,2.42,provisorisch
2026-01-03T00:00+0100,Zch_Stampfenbachstrasse,NO2,d1,µg/m3,13.82,provisorisch
2026-01-03T00:00+0100,Zch_Stampfenbachstrasse,NOx,d1,ppb,9.17,provisorisch
2026-01-03T00:00+0100,Zch_Stampfenbachstrasse,O3,d1,µg/m3,54.89,provisorisch
2026-01-03T00:00+0100,Zch_Stampfenbachstrasse,O3_max_h1,d1,µg/m3,66.64,provisorisch
2026-01-03T00:00+0100,Zch_Stampfenbachstrasse,O3_nb_h1>120,d1,1,0,provisorisch
2026-01-03T00:00+0100,Zch_Stampfenbachstrasse,PM10,d1,µg/m3,6.53,provisorisch
2026-01-03T00:00+0100,Zch_Stampfenbachstrasse,PM2.5,d1,µg/m3,4.89,provisorisch
2026-01-04T00:00+0100,Zch_Heubeeribüel,NO,d1,µg/m3,1.58,provisorisch
2026-01-04T00:00+0100,Zch_Heubeeribüel,NO2,d1,µg/m3,8.23,provisorisch
2026-01-04T00:00+0100,Zch_Heubeeribüel,NOx,d1,ppb,5.57,provisorisch
2026-01-04T00:00+0100,Zch_Heubeeribüel,O3,d1,µg/m3,66.12,provisorisch
2026-01-04T00:00+0100,Zch_Heubeeribüel,O3_max_h1,d1,µg/m3,76.18,provisorisch
2026-01-04T00:00+0100,Zch_Heubeeribüel,O3_nb_h1>120,d1,1,0,provisorisch
2026-01-04T00:00+0100,Zch_Heubeeribüel,PM10,d1,µg/m3,6.8,provisorisch
2026-01-04T00:00+0100,Zch_Heubeeribüel,PM2.5,d1,µg/m3,5.13,provisorisch
2026-01-04T00:00+0100,Zch_Rosengartenstrasse,NO,d1,µg/m3,13.85,provisorisch
2026-01-04T00:00+0100,Zch_Rosengartenstrasse,NO2,d1,µg/m3,43.88,provisorisch
2026-01-04T00:00+0100,Zch_Rosengartenstrasse,NOx,d1,ppb,34.05,provisorisch
2026-01-04T00:00+0100,Zch_Rosengartenstrasse,O3,d1,µg/m3,28.3,provisorisch
2026-01-04T00:00+0100,Zch_Rosengartenstrasse,O3_max_h1,d1,µg/m3,66.72,provisorisch
2026-01-04T00:00+0100,Zch_Rosengartenstrasse,O3_nb_h1>120,d1,1,0,provisorisch
2026-01-04T00:00+0100,Zch_Rosengartenstrasse,PM10,d1,µg/m3,15.41,provisorisch
2026-01-04T00:00+0100,Zch_Rosengartenstrasse,PM2.5,d1,µg/m3,7.94,provisorisch
2026-01-04T00:00+0100,Zch_Rosengartenstrasse,PNc,d1,1/cm3,19989.59,provisorisch
2026-01-04T00:00+0100,Zch_Schimmelstrasse,NO,d1,µg/m3,16.37,provisorisch
2026-01-04T00:00+0100,Zch_Schimmelstrasse,NO2,d1,µg/m3,46.4,provisorisch
2026-01-04T00:00+0100,Zch_Schimmelstrasse,NOx,d1,ppb,37.39,provisorisch
2026-01-04T00:00+0100,Zch_Schimmelstrasse,O3,d1,µg/m3,25.98,provisorisch
2026-01-04T00:00+0100,Zch_Schimmelstrasse,O3_max_h1,d1,µg/m3,62.53,provisorisch
2026-01-04T00:00+0100,Zch_Schimmelstrasse,O3_nb_h1>120,d1,1,0,provisorisch
2026-01-04T00:00+0100,Zch_Schimmelstrasse,PM10,d1,µg/m3,13.95,provisorisch
2026-01-04T00:00+0100,Zch_Schimmelstrasse,PM2.5,d1,µg/m3,7.8,provisorisch
2026-01-04T00:00+0100,Zch_Schimmelstrasse,PN,d1,1/cm3,17074.36,provisorisch
2026-01-04T00:00+0100,Zch_Stampfenbachstrasse,NO,d1,µg/m3,5.85,provisorisch
2026-01-04T00:00+0100,Zch_Stampfenbachstrasse,NO2,d1,µg/m3,35,provisorisch
2026-01-04T00:00+0100,Zch_Stampfenbachstrasse,NOx,d1,ppb,22.99,provisorisch
2026-01-04T00:00+0100,Zch_Stampfenbachstrasse,O3,d1,µg/m3,33.8,provisorisch
2026-01-04T00:00+0100,Zch_Stampfenbachstrasse,O3_max_h1,d1,µg/m3,63.12,provisorisch
2026-01-04T00:00+0100,Zch_Stampfenbachstrasse,O3_nb_h1>120,d1,1,0,provisorisch
2026-01-04T00:00+0100,Zch_Stampfenbachstrasse,PM10,d1,µg/m3,12.99,provisorisch
2026-01-04T00:00+0100,Zch_Stampfenbachstrasse,PM2.5,d1,µg/m3,7.32,provisorisch
2026-01-05T00:00+0100,Zch_Heubeeribüel,NO,d1,µg/m3,1.1,provisorisch
2026-01-05T00:00+0100,Zch_Heubeeribüel,NO2,d1,µg/m3,10.96,provisorisch
2026-01-05T00:00+0100,Zch_Heubeeribüel,NOx,d1,ppb,6.62,provisorisch
2026-01-05T00:00+0100,Zch_Heubeeribüel,O3,d1,µg/m3,59.03,provisorisch
2026-01-05T00:00+0100,Zch_Heubeeribüel,O3_max_h1,d1,µg/m3,73.15,provisorisch
2026-01-05T00:00+0100,Zch_Heubeeribüel,O3_nb_h1>120,d1,1,0,provisorisch
2026-01-05T00:00+0100,Zch_Heubeeribüel,PM10,d1,µg/m3,10.13,provisorisch
2026-01-05T00:00+0100,Zch_Heubeeribüel,PM2.5,d1,µg/m3,8.73,provisorisch
2026-01-05T00:00+0100,Zch_Rosengartenstrasse,NO,d1,µg/m3,16.9,provisorisch
2026-01-05T00:00+0100,Zch_Rosengartenstrasse,NO2,d1,µg/m3,44,provisorisch
2026-01-05T00:00+0100,Zch_Rosengartenstrasse,NOx,d1,ppb,36.56,provisorisch
2026-01-05T00:00+0100,Zch_Rosengartenstrasse,O3,d1,µg/m3,26.64,provisorisch
2026-01-05T00:00+0100,Zch_Rosengartenstrasse,O3_max_h1,d1,µg/m3,61.19,provisorisch
2026-01-05T00:00+0100,Zch_Rosengartenstrasse,O3_nb_h1>120,d1,1,0,provisorisch
2026-01-05T00:00+0100,Zch_Rosengartenstrasse,PM10,d1,µg/m3,24.86,provisorisch
2026-01-05T00:00+0100,Zch_Rosengartenstrasse,PM2.5,d1,µg/m3,13.04,provisorisch
2026-01-05T00:00+0100,Zch_Rosengartenstrasse,PNc,d1,1/cm3,19384.33,provisorisch
2026-01-05T00:00+0100,Zch_Schimmelstrasse,NO,d1,µg/m3,11.54,provisorisch
2026-01-05T00:00+0100,Zch_Schimmelstrasse,NO2,d1,µg/m3,40.5,provisorisch
2026-01-05T00:00+0100,Zch_Schimmelstrasse,NOx,d1,ppb,30.43,provisorisch
2026-01-05T00:00+0100,Zch_Schimmelstrasse,O3,d1,µg/m3,31.5,provisorisch
2026-01-05T00:00+0100,Zch_Schimmelstrasse,O3_max_h1,d1,µg/m3,58.42,provisorisch
2026-01-05T00:00+0100,Zch_Schimmelstrasse,O3_nb_h1>120,d1,1,0,provisorisch
2026-01-05T00:00+0100,Zch_Schimmelstrasse,PM10,d1,µg/m3,26.61,provisorisch
2026-01-05T00:00+0100,Zch_Schimmelstrasse,PM2.5,d1,µg/m3,12.6,provisorisch
2026-01-05T00:00+0100,Zch_Schimmelstrasse,PN,d1,1/cm3,12772.71,provisorisch
2026-01-05T00:00+0100,Zch_Stampfenbachstrasse,NO,d1,µg/m3,6.32,provisorisch
2026-01-05T00:00+0100,Zch_Stampfenbachstrasse,NO2,d1,µg/m3,29.29,provisorisch
2026-01-05T00:00+0100,Zch_Stampfenbachstrasse,NOx,d1,ppb,20.39,provisorisch
2026-01-05T00:00+0100,Zch_Stampfenbachstrasse,O3,d1,µg/m3,38.48,provisorisch
2026-01-05T00:00+0100,Zch_Stampfenbachstrasse,O3_max_h1,d1,µg/m3,65.13,provisorisch
2026-01-05T00:00+0100,Zch_Stampfenbachstrasse,O3_nb_h1>120,d1,1,0,provisorisch
2026-01-05T00:00+0100,Zch_Stampfenbachstrasse,PM10,d1,µg/m3,20.32,provisorisch
2026-01-05T00:00+0100,Zch_Stampfenbachstrasse,PM2.5,d1,µg/m3,11.46,provisorisch
2026-01-06T00:00+0100,Zch_Heubeeribüel,NO,d1,µg/m3,5.87,provisorisch
2026-01-06T00:00+0100,Zch_Heubeeribüel,NO2,d1,µg/m3,27.62,provisorisch
2026-01-06T00:00+0100,Zch_Heubeeribüel,NOx,d1,ppb,19.15,provisorisch
2026-01-06T00:00+0100,Zch_Heubeeribüel,O3,d1,µg/m3,32.05,provisorisch
2026-01-06T00:00+0100,Zch_Heubeeribüel,O3_max_h1,d1,µg/m3,55.63,provisorisch
2026-01-06T00:00+0100,Zch_Heubeeribüel,O3_nb_h1>120,d1,1,0,provisorisch
2026-01-06T00:00+0100,Zch_Heubeeribüel,PM10,d1,µg/m3,17.08,provisorisch
2026-01-06T00:00+0100,Zch_Heubeeribüel,PM2.5,d1,µg/m3,14.81,provisorisch
2026-01-06T00:00+0100,Zch_Rosengartenstrasse,NO,d1,µg/m3,27.25,provisorisch
2026-01-06T00:00+0100,Zch_Rosengartenstrasse,NO2,d1,µg/m3,49.69,provisorisch
2026-01-06T00:00+0100,Zch_Rosengartenstrasse,NOx,d1,ppb,47.83,provisorisch
2026-01-06T00:00+0100,Zch_Rosengartenstrasse,O3,d1,µg/m3,11.95,provisorisch
2026-01-06T00:00+0100,Zch_Rosengartenstrasse,O3_max_h1,d1,µg/m3,33.5,provisorisch
2026-01-06T00:00+0100,Zch_Rosengartenstrasse,O3_nb_h1>120,d1,1,0,provisorisch
2026-01-06T00:00+0100,Zch_Rosengartenstrasse,PM10,d1,µg/m3,31.55,provisorisch
2026-01-06T00:00+0100,Zch_Rosengartenstrasse,PM2.5,d1,µg/m3,19.86,provisorisch
2026-01-06T00:00+0100,Zch_Rosengartenstrasse,PNc,d1,1/cm3,21560.97,provisorisch
2026-01-06T00:00+0100,Zch_Schimmelstrasse,NO,d1,µg/m3,30.62,provisorisch
2026-01-06T00:00+0100,Zch_Schimmelstrasse,NO2,d1,µg/m3,51.61,provisorisch
2026-01-06T00:00+0100,Zch_Schimmelstrasse,NOx,d1,ppb,51.54,provisorisch
2026-01-06T00:00+0100,Zch_Schimmelstrasse,O3,d1,µg/m3,12.2,provisorisch
2026-01-06T00:00+0100,Zch_Schimmelstrasse,O3_max_h1,d1,µg/m3,26.06,provisorisch
2026-01-06T00:00+0100,Zch_Schimmelstrasse,O3_nb_h1>120,d1,1,0,provisorisch
2026-01-06T00:00+0100,Zch_Schimmelstrasse,PM10,d1,µg/m3,37.79,provisorisch
2026-01-06T00:00+0100,Zch_Schimmelstrasse,PM2.5,d1,µg/m3,20.95,provisorisch
2026-01-06T00:00+0100,Zch_Schimmelstrasse,PN,d1,1/cm3,16919.67,provisorisch
2026-01-06T00:00+0100,Zch_Stampfenbachstrasse,NO,d1,µg/m3,14.42,provisorisch
2026-01-06T00:00+0100,Zch_Stampfenbachstrasse,NO2,d1,µg/m3,42.22,provisorisch
2026-01-06T00:00+0100,Zch_Stampfenbachstrasse,NOx,d1,ppb,33.64,provisorisch
2026-01-06T00:00+0100,Zch_Stampfenbachstrasse,O3,d1,µg/m3,16.76,provisorisch
2026-01-06T00:00+0100,Zch_Stampfenbachstrasse,O3_max_h1,d1,µg/m3,41.59,provisorisch
2026-01-06T00:00+0100,Zch_Stampfenbachstrasse,O3_nb_h1>120,d1,1,0,provisorisch
2026-01-06T00:00+0100,Zch_Stampfenbachstrasse,PM10,d1,µg/m3,26.21,provisorisch
2026-01-06T00:00+0100,Zch_Stampfenbachstrasse,PM2.5,d1,µg/m3,17.56,provisorisch
2026-01-07T00:00+0100,Zch_Heubeeribüel,NO,d1,µg/m3,2.78,provisorisch
2026-01-07T00:00+0100,Zch_Heubeeribüel,NO2,d1,µg/m3,22.2,provisorisch
2026-01-07T00:00+0100,Zch_Heubeeribüel,NOx,d1,ppb,13.84,provisorisch
2026-01-07T00:00+0100,Zch_Heubeeribüel,O3,d1,µg/m3,39.42,provisorisch
2026-01-07T00:00+0100,Zch_Heubeeribüel,O3_max_h1,d1,µg/m3,63.87,provisorisch
2026-01-07T00:00+0100,Zch_Heubeeribüel,O3_nb_h1>120,d1,1,0,provisorisch
2026-01-07T00:00+0100,Zch_Heubeeribüel,PM10,d1,µg/m3,18.9,provisorisch
2026-01-07T00:00+0100,Zch_Heubeeribüel,PM2.5,d1,µg/m3,17.03,provisorisch
2026-01-07T00:00+0100,Zch_Rosengartenstrasse,NO,d1,µg/m3,17.83,provisorisch
2026-01-07T00:00+0100,Zch_Rosengartenstrasse,NO2,d1,µg/m3,34.97,provisorisch
2026-01-07T00:00+0100,Zch_Rosengartenstrasse,NOx,d1,ppb,32.58,provisorisch
2026-01-07T00:00+0100,Zch_Rosengartenstrasse,O3,d1,µg/m3,30.29,provisorisch
2026-01-07T00:00+0100,Zch_Rosengartenstrasse,O3_max_h1,d1,µg/m3,52.01,provisorisch
2026-01-07T00:00+0100,Zch_Rosengartenstrasse,O3_nb_h1>120,d1,1,0,provisorisch
2026-01-07T00:00+0100,Zch_Rosengartenstrasse,PM10,d1,µg/m3,31.26,provisorisch
2026-01-07T00:00+0100,Zch_Rosengartenstrasse,PM2.5,d1,µg/m3,20.1,provisorisch
2026-01-07T00:00+0100,Zch_Rosengartenstrasse,PNc,d1,1/cm3,19673.67,provisorisch
2026-01-07T00:00+0100,Zch_Schimmelstrasse,NO,d1,µg/m3,16.76,provisorisch
2026-01-07T00:00+0100,Zch_Schimmelstrasse,NO2,d1,µg/m3,34.58,provisorisch
2026-01-07T00:00+0100,Zch_Schimmelstrasse,NOx,d1,ppb,31.52,provisorisch
2026-01-07T00:00+0100,Zch_Schimmelstrasse,O3,d1,µg/m3,29.99,provisorisch
2026-01-07T00:00+0100,Zch_Schimmelstrasse,O3_max_h1,d1,µg/m3,54.37,provisorisch
2026-01-07T00:00+0100,Zch_Schimmelstrasse,O3_nb_h1>120,d1,1,0,provisorisch
2026-01-07T00:00+0100,Zch_Schimmelstrasse,PM10,d1,µg/m3,28.87,provisorisch
2026-01-07T00:00+0100,Zch_Schimmelstrasse,PM2.5,d1,µg/m3,20.07,provisorisch
2026-01-07T00:00+0100,Zch_Schimmelstrasse,PN,d1,1/cm3,11129.05,provisorisch
2026-01-07T00:00+0100,Zch_Stampfenbachstrasse,NO,d1,µg/m3,6.84,provisorisch
2026-01-07T00:00+0100,Zch_Stampfenbachstrasse,NO2,d1,µg/m3,26.32,provisorisch
2026-01-07T00:00+0100,Zch_Stampfenbachstrasse,NOx,d1,ppb,19.24,provisorisch
2026-01-07T00:00+0100,Zch_Stampfenbachstrasse,O3,d1,µg/m3,35.87,provisorisch
2026-01-07T00:00+0100,Zch_Stampfenbachstrasse,O3_max_h1,d1,µg/m3,59.16,provisorisch
2026-01-07T00:00+0100,Zch_Stampfenbachstrasse,O3_nb_h1>120,d1,1,0,provisorisch
2026-01-07T00:00+0100,Zch_Stampfenbachstrasse,PM10,d1,µg/m3,29.32,provisorisch
2026-01-07T00:00+0100,Zch_Stampfenbachstrasse,PM2.5,d1,µg/m3,19,provisorisch
2026-01-08T00:00+0100,Zch_Heubeeribüel,NO,d1,µg/m3,1.45,provisorisch
2026-01-08T00:00+0100,Zch_Heubeeribüel,NO2,d1,µg/m3,13,provisorisch
2026-01-08T00:00+0100,Zch_Heubeeribüel,NOx,d1,ppb,7.96,provisorisch
2026-01-08T00:00+0100,Zch_Heubeeribüel,O3,d1,µg/m3,58.89,provisorisch
2026-01-08T00:00+0100,Zch_Heubeeribüel,O3_max_h1,d1,µg/m3,72.33,provisorisch
2026-01-08T00:00+0100,Zch_Heubeeribüel,O3_nb_h1>120,d1,1,0,provisorisch
2026-01-08T00:00+0100,Zch_Heubeeribüel,PM10,d1,µg/m3,5.82,provisorisch
2026-01-08T00:00+0100,Zch_Heubeeribüel,PM2.5,d1,µg/m3,4.66,provisorisch
2026-01-08T00:00+0100,Zch_Rosengartenstrasse,NO,d1,µg/m3,21.72,provisorisch
2026-01-08T00:00+0100,Zch_Rosengartenstrasse,NO2,d1,µg/m3,38.33,provisorisch
2026-01-08T00:00+0100,Zch_Rosengartenstrasse,NOx,d1,ppb,37.46,provisorisch
2026-01-08T00:00+0100,Zch_Rosengartenstrasse,O3,d1,µg/m3,38.13,provisorisch
2026-01-08T00:00+0100,Zch_Rosengartenstrasse,O3_max_h1,d1,µg/m3,63.28,provisorisch
2026-01-08T00:00+0100,Zch_Rosengartenstrasse,O3_nb_h1>120,d1,1,0,provisorisch
2026-01-08T00:00+0100,Zch_Rosengartenstrasse,PM10,d1,µg/m3,11.31,provisorisch
2026-01-08T00:00+0100,Zch_Rosengartenstrasse,PM2.5,d1,µg/m3,7.03,provisorisch
2026-01-08T00:00+0100,Zch_Rosengartenstrasse,PNc,d1,1/cm3,24235.22,provisorisch
2026-01-08T00:00+0100,Zch_Schimmelstrasse,NO,d1,µg/m3,7.08,provisorisch
2026-01-08T00:00+0100,Zch_Schimmelstrasse,NO2,d1,µg/m3,25.31,provisorisch
2026-01-08T00:00+0100,Zch_Schimmelstrasse,NOx,d1,ppb,18.91,provisorisch
2026-01-08T00:00+0100,Zch_Schimmelstrasse,O3,d1,µg/m3,47.54,provisorisch
2026-01-08T00:00+0100,Zch_Schimmelstrasse,O3_max_h1,d1,µg/m3,66.74,provisorisch
2026-01-08T00:00+0100,Zch_Schimmelstrasse,O3_nb_h1>120,d1,1,0,provisorisch
2026-01-08T00:00+0100,Zch_Schimmelstrasse,PM10,d1,µg/m3,NA,provisorisch
2026-01-08T00:00+0100,Zch_Schimmelstrasse,PM2.5,d1,µg/m3,NA,provisorisch
2026-01-08T00:00+0100,Zch_Schimmelstrasse,PN,d1,1/cm3,8701.86,provisorisch
2026-01-08T00:00+0100,Zch_Stampfenbachstrasse,NO,d1,µg/m3,3.64,provisorisch
2026-01-08T00:00+0100,Zch_Stampfenbachstrasse,NO2,d1,µg/m3,19.43,provisorisch
2026-01-08T00:00+0100,Zch_Stampfenbachstrasse,NOx,d1,ppb,13.08,provisorisch
2026-01-08T00:00+0100,Zch_Stampfenbachstrasse,O3,d1,µg/m3,51.26,provisorisch
2026-01-08T00:00+0100,Zch_Stampfenbachstrasse,O3_max_h1,d1,µg/m3,68.07,provisorisch
2026-01-08T00:00+0100,Zch_Stampfenbachstrasse,O3_nb_h1>120,d1,1,0,provisorisch
2026-01-08T00:00+0100,Zch_Stampfenbachstrasse,PM10,d1,µg/m3,7.64,provisorisch
2026-01-08T00:00+0100,Zch_Stampfenbachstrasse,PM2.5,d1,µg/m3,5.9,provisorisch
2026-01-09T00:00+0100,Zch_Heubeeribüel,NO,d1,µg/m3,1.08,provisorisch
2026-01-09T00:00+0100,Zch_Heubeeribüel,NO2,d1,µg/m3,4.38,provisorisch
2026-01-09T00:00+0100,Zch_Heubeeribüel,NOx,d1,ppb,3.15,provisorisch
2026-01-09T00:00+0100,Zch_Heubeeribüel,O3,d1,µg/m3,73.58,provisorisch
2026-01-09T00:00+0100,Zch_Heubeeribüel,O3_max_h1,d1,µg/m3,81.3,provisorisch
2026-01-09T00:00+0100,Zch_Heubeeribüel,O3_nb_h1>120,d1,1,0,provisorisch
2026-01-09T00:00+0100,Zch_Heubeeribüel,PM10,d1,µg/m3,2.94,provisorisch
2026-01-09T00:00+0100,Zch_Heubeeribüel,PM2.5,d1,µg/m3,1.73,provisorisch
2026-01-09T00:00+0100,Zch_Rosengartenstrasse,NO,d1,µg/m3,9.51,provisorisch
2026-01-09T00:00+0100,Zch_Rosengartenstrasse,NO2,d1,µg/m3,20.09,provisorisch
2026-01-09T00:00+0100,Zch_Rosengartenstrasse,NOx,d1,ppb,18.13,provisorisch
2026-01-09T00:00+0100,Zch_Rosengartenstrasse,O3,d1,µg/m3,61.04,provisorisch
2026-01-09T00:00+0100,Zch_Rosengartenstrasse,O3_max_h1,d1,µg/m3,73.82,provisorisch
2026-01-09T00:00+0100,Zch_Rosengartenstrasse,O3_nb_h1>120,d1,1,0,provisorisch
2026-01-09T00:00+0100,Zch_Rosengartenstrasse,PM10,d1,µg/m3,4.31,provisorisch
2026-01-09T00:00+0100,Zch_Rosengartenstrasse,PM2.5,d1,µg/m3,2.34,provisorisch
2026-01-09T00:00+0100,Zch_Rosengartenstrasse,PNc,d1,1/cm3,13430.29,provisorisch
2026-01-09T00:00+0100,Zch_Schimmelstrasse,NO,d1,µg/m3,5.43,provisorisch
2026-01-09T00:00+0100,Zch_Schimmelstrasse,NO2,d1,µg/m3,14.84,provisorisch
2026-01-09T00:00+0100,Zch_Schimmelstrasse,NOx,d1,ppb,12.11,provisorisch
2026-01-09T00:00+0100,Zch_Schimmelstrasse,O3,d1,µg/m3,66.06,provisorisch
2026-01-09T00:00+0100,Zch_Schimmelstrasse,O3_max_h1,d1,µg/m3,77.06,provisorisch
2026-01-09T00:00+0100,Zch_Schimmelstrasse,O3_nb_h1>120,d1,1,0,provisorisch
2026-01-09T00:00+0100,Zch_Schimmelstrasse,PM10,d1,µg/m3,NA,provisorisch
2026-01-09T00:00+0100,Zch_Schimmelstrasse,PM2.5,d1,µg/m3,NA,provisorisch
2026-01-09T00:00+0100,Zch_Schimmelstrasse,PN,d1,1/cm3,6705.12,provisorisch
2026-01-09T00:00+0100,Zch_Stampfenbachstrasse,NO,d1,µg/m3,1.41,provisorisch
2026-01-09T00:00+0100,Zch_Stampfenbachstrasse,NO2,d1,µg/m3,7.51,provisorisch
2026-01-09T00:00+0100,Zch_Stampfenbachstrasse,NOx,d1,ppb,5.06,provisorisch
2026-01-09T00:00+0100,Zch_Stampfenbachstrasse,O3,d1,µg/m3,68.06,provisorisch
2026-01-09T00:00+0100,Zch_Stampfenbachstrasse,O3_max_h1,d1,µg/m3,76.06,provisorisch
2026-01-09T00:00+0100,Zch_Stampfenbachstrasse,O3_nb_h1>120,d1,1,0,provisorisch
2026-01-09T00:00+0100,Zch_Stampfenbachstrasse,PM10,d1,µg/m3,5.15,provisorisch
2026-01-09T00:00+0100,Zch_Stampfenbachstrasse,PM2.5,d1,µg/m3,2.85,provisorisch
2026-01-10T00:00+0100,Zch_Heubeeribüel,NO,d1,µg/m3,1.26,provisorisch
2026-01-10T00:00+0100,Zch_Heubeeribüel,NO2,d1,µg/m3,5.92,provisorisch
2026-01-10T00:00+0100,Zch_Heubeeribüel,NOx,d1,ppb,4.11,provisorisch
2026-01-10T00:00+0100,Zch_Heubeeribüel,O3,d1,µg/m3,64.55,provisorisch
2026-01-10T00:00+0100,Zch_Heubeeribüel,O3_max_h1,d1,µg/m3,73.09,provisorisch
2026-01-10T00:00+0100,Zch_Heubeeribüel,O3_nb_h1>120,d1,1,0,provisorisch
2026-01-10T00:00+0100,Zch_Heubeeribüel,PM10,d1,µg/m3,2.52,provisorisch
2026-01-10T00:00+0100,Zch_Heubeeribüel,PM2.5,d1,µg/m3,1.55,provisorisch
2026-01-10T00:00+0100,Zch_Rosengartenstrasse,NO,d1,µg/m3,6.87,provisorisch
2026-01-10T00:00+0100,Zch_Rosengartenstrasse,NO2,d1,µg/m3,17.21,provisorisch
2026-01-10T00:00+0100,Zch_Rosengartenstrasse,NOx,d1,ppb,14.51,provisorisch
2026-01-10T00:00+0100,Zch_Rosengartenstrasse,O3,d1,µg/m3,56.57,provisorisch
2026-01-10T00:00+0100,Zch_Rosengartenstrasse,O3_max_h1,d1,µg/m3,69.22,provisorisch
2026-01-10T00:00+0100,Zch_Rosengartenstrasse,O3_nb_h1>120,d1,1,0,provisorisch
2026-01-10T00:00+0100,Zch_Rosengartenstrasse,PM10,d1,µg/m3,3.34,provisorisch
2026-01-10T00:00+0100,Zch_Rosengartenstrasse,PM2.5,d1,µg/m3,1.87,provisorisch
2026-01-10T00:00+0100,Zch_Rosengartenstrasse,PNc,d1,1/cm3,7747.23,provisorisch
2026-01-10T00:00+0100,Zch_Schimmelstrasse,NO,d1,µg/m3,3.69,provisorisch
2026-01-10T00:00+0100,Zch_Schimmelstrasse,NO2,d1,µg/m3,12.44,provisorisch
2026-01-10T00:00+0100,Zch_Schimmelstrasse,NOx,d1,ppb,9.46,provisorisch
2026-01-10T00:00+0100,Zch_Schimmelstrasse,O3,d1,µg/m3,61.12,provisorisch
2026-01-10T00:00+0100,Zch_Schimmelstrasse,O3_max_h1,d1,µg/m3,72.83,provisorisch
2026-01-10T00:00+0100,Zch_Schimmelstrasse,O3_nb_h1>120,d1,1,0,provisorisch
2026-01-10T00:00+0100,Zch_Schimmelstrasse,PM10,d1,µg/m3,3.2,provisorisch
2026-01-10T00:00+0100,Zch_Schimmelstrasse,PM2.5,d1,µg/m3,1.85,provisorisch
2026-01-10T00:00+0100,Zch_Schimmelstrasse,PN,d1,1/cm3,4153.44,provisorisch
2026-01-10T00:00+0100,Zch_Stampfenbachstrasse,NO,d1,µg/m3,1.11,provisorisch
2026-01-10T00:00+0100,Zch_Stampfenbachstrasse,NO2,d1,µg/m3,7.47,provisorisch
2026-01-10T00:00+0100,Zch_Stampfenbachstrasse,NOx,d1,ppb,4.79,provisorisch
2026-01-10T00:00+0100,Zch_Stampfenbachstrasse,O3,d1,µg/m3,62.32,provisorisch
2026-01-10T00:00+0100,Zch_Stampfenbachstrasse,O3_max_h1,d1,µg/m3,71.07,provisorisch
2026-01-10T00:00+0100,Zch_Stampfenbachstrasse,O3_nb_h1>120,d1,1,0,provisorisch
2026-01-10T00:00+0100,Zch_Stampfenbachstrasse,PM10,d1,µg/m3,2.64,provisorisch
2026-01-10T00:00+0100,Zch_Stampfenbachstrasse,PM2.5,d1,µg/m3,2.24,provisorisch
2026-01-11T00:00+0100,Zch_Heubeeribüel,NO,d1,µg/m3,1.85,provisorisch
2026-01-11T00:00+0100,Zch_Heubeeribüel,NO2,d1,µg/m3,11.73,provisorisch
2026-01-11T00:00+0100,Zch_Heubeeribüel,NOx,d1,ppb,7.62,provisorisch
2026-01-11T00:00+0100,Zch_Heubeeribüel,O3,d1,µg/m3,37.4,provisorisch
2026-01-11T00:00+0100,Zch_Heubeeribüel,O3_max_h1,d1,µg/m3,45.02,provisorisch
2026-01-11T00:00+0100,Zch_Heubeeribüel,O3_nb_h1>120,d1,1,0,provisorisch
2026-01-11T00:00+0100,Zch_Heubeeribüel,PM10,d1,µg/m3,8.51,provisorisch
2026-01-11T00:00+0100,Zch_Heubeeribüel,PM2.5,d1,µg/m3,7.87,provisorisch
2026-01-11T00:00+0100,Zch_Rosengartenstrasse,NO,d1,µg/m3,9.81,provisorisch
2026-01-11T00:00+0100,Zch_Rosengartenstrasse,NO2,d1,µg/m3,26.59,provisorisch
2026-01-11T00:00+0100,Zch_Rosengartenstrasse,NOx,d1,ppb,21.77,provisorisch
2026-01-11T00:00+0100,Zch_Rosengartenstrasse,O3,d1,µg/m3,24.26,provisorisch
2026-01-11T00:00+0100,Zch_Rosengartenstrasse,O3_max_h1,d1,µg/m3,37.13,provisorisch
2026-01-11T00:00+0100,Zch_Rosengartenstrasse,O3_nb_h1>120,d1,1,0,provisorisch
2026-01-11T00:00+0100,Zch_Rosengartenstrasse,PM10,d1,µg/m3,12.93,provisorisch
2026-01-11T00:00+0100,Zch_Rosengartenstrasse,PM2.5,d1,µg/m3,10.32,provisorisch
2026-01-11T00:00+0100,Zch_Rosengartenstrasse,PNc,d1,1/cm3,12170.06,provisorisch
2026-01-11T00:00+0100,Zch_Schimmelstrasse,NO,d1,µg/m3,12.19,provisorisch
2026-01-11T00:00+0100,Zch_Schimmelstrasse,NO2,d1,µg/m3,26.11,provisorisch
2026-01-11T00:00+0100,Zch_Schimmelstrasse,NOx,d1,ppb,23.43,provisorisch
2026-01-11T00:00+0100,Zch_Schimmelstrasse,O3,d1,µg/m3,27.5,provisorisch
2026-01-11T00:00+0100,Zch_Schimmelstrasse,O3_max_h1,d1,µg/m3,37.73,provisorisch
2026-01-11T00:00+0100,Zch_Schimmelstrasse,O3_nb_h1>120,d1,1,0,provisorisch
2026-01-11T00:00+0100,Zch_Schimmelstrasse,PM10,d1,µg/m3,12.41,provisorisch
2026-01-11T00:00+0100,Zch_Schimmelstrasse,PM2.5,d1,µg/m3,10.07,provisorisch
2026-01-11T00:00+0100,Zch_Schimmelstrasse,PN,d1,1/cm3,11090.48,provisorisch
2026-01-11T00:00+0100,Zch_Stampfenbachstrasse,NO,d1,µg/m3,5.09,provisorisch
2026-01-11T00:00+0100,Zch_Stampfenbachstrasse,NO2,d1,µg/m3,19.66,provisorisch
2026-01-11T00:00+0100,Zch_Stampfenbachstrasse,NOx,d1,ppb,14.36,provisorisch
2026-01-11T00:00+0100,Zch_Stampfenbachstrasse,O3,d1,µg/m3,29.44,provisorisch
2026-01-11T00:00+0100,Zch_Stampfenbachstrasse,O3_max_h1,d1,µg/m3,41.47,provisorisch
2026-01-11T00:00+0100,Zch_Stampfenbachstrasse,O3_nb_h1>120,d1,1,0,provisorisch
2026-01-11T00:00+0100,Zch_Stampfenbachstrasse,PM10,d1,µg/m3,10.9,provisorisch
2026-01-11T00:00+0100,Zch_Stampfenbachstrasse,PM2.5,d1,µg/m3,9.37,provisorisch
2026-01-12T00:00+0100,Zch_Heubeeribüel,NO,d1,µg/m3,1.48,provisorisch
2026-01-12T00:00+0100,Zch_Heubeeribüel,NO2,d1,µg/m3,12.72,provisorisch
2026-01-12T00:00+0100,Zch_Heubeeribüel,NOx,d1,ppb,7.84,provisorisch
2026-01-12T00:00+0100,Zch_Heubeeribüel,O3,d1,µg/m3,53.99,provisorisch
2026-01-12T00:00+0100,Zch_Heubeeribüel,O3_max_h1,d1,µg/m3,69.79,provisorisch
2026-01-12T00:00+0100,Zch_Heubeeribüel,O3_nb_h1>120,d1,1,0,provisorisch
2026-01-12T00:00+0100,Zch_Heubeeribüel,PM10,d1,µg/m3,5.35,provisorisch
2026-01-12T00:00+0100,Zch_Heubeeribüel,PM2.5,d1,µg/m3,4.18,provisorisch
2026-01-12T00:00+0100,Zch_Rosengartenstrasse,NO,d1,µg/m3,30.31,provisorisch
2026-01-12T00:00+0100,Zch_Rosengartenstrasse,NO2,d1,µg/m3,42.76,provisorisch
2026-01-12T00:00+0100,Zch_Rosengartenstrasse,NOx,d1,ppb,46.66,provisorisch
2026-01-12T00:00+0100,Zch_Rosengartenstrasse,O3,d1,µg/m3,26.91,provisorisch
2026-01-12T00:00+0100,Zch_Rosengartenstrasse,O3_max_h1,d1,µg/m3,42.16,provisorisch
2026-01-12T00:00+0100,Zch_Rosengartenstrasse,O3_nb_h1>120,d1,1,0,provisorisch
2026-01-12T00:00+0100,Zch_Rosengartenstrasse,PM10,d1,µg/m3,9.32,provisorisch
2026-01-12T00:00+0100,Zch_Rosengartenstrasse,PM2.5,d1,µg/m3,6.4,provisorisch
2026-01-12T00:00+0100,Zch_Rosengartenstrasse,PNc,d1,1/cm3,29048.05,provisorisch
2026-01-12T00:00+0100,Zch_Schimmelstrasse,NO,d1,µg/m3,6.88,provisorisch
2026-01-12T00:00+0100,Zch_Schimmelstrasse,NO2,d1,µg/m3,29.64,provisorisch
2026-01-12T00:00+0100,Zch_Schimmelstrasse,NOx,d1,ppb,21.02,provisorisch
2026-01-12T00:00+0100,Zch_Schimmelstrasse,O3,d1,µg/m3,36.36,provisorisch
2026-01-12T00:00+0100,Zch_Schimmelstrasse,O3_max_h1,d1,µg/m3,47.49,provisorisch
2026-01-12T00:00+0100,Zch_Schimmelstrasse,O3_nb_h1>120,d1,1,0,provisorisch
2026-01-12T00:00+0100,Zch_Schimmelstrasse,PM10,d1,µg/m3,8.45,provisorisch
2026-01-12T00:00+0100,Zch_Schimmelstrasse,PM2.5,d1,µg/m3,5.7,provisorisch
2026-01-12T00:00+0100,Zch_Schimmelstrasse,PN,d1,1/cm3,10990.88,provisorisch
2026-01-12T00:00+0100,Zch_Stampfenbachstrasse,NO,d1,µg/m3,5.44,provisorisch
2026-01-12T00:00+0100,Zch_Stampfenbachstrasse,NO2,d1,µg/m3,27.17,provisorisch
2026-01-12T00:00+0100,Zch_Stampfenbachstrasse,NOx,d1,ppb,18.57,provisorisch
2026-01-12T00:00+0100,Zch_Stampfenbachstrasse,O3,d1,µg/m3,36.18,provisorisch
2026-01-12T00:00+0100,Zch_Stampfenbachstrasse,O3_max_h1,d1,µg/m3,50.56,provisorisch
2026-01-12T00:00+0100,Zch_Stampfenbachstrasse,O3_nb_h1>120,d1,1,0,provisorisch
2026-01-12T00:00+0100,Zch_Stampfenbachstrasse,PM10,d1,µg/m3,7.91,provisorisch
2026-01-12T00:00+0100,Zch_Stampfenbachstrasse,PM2.5,d1,µg/m3,5.76,provisorisch
2026-01-13T00:00+0100,Zch_Heubeeribüel,NO,d1,µg/m3,4.32,provisorisch
2026-01-13T00:00+0100,Zch_Heubeeribüel,NO2,d1,µg/m3,18.02,provisorisch
2026-01-13T00:00+0100,Zch_Heubeeribüel,NOx,d1,ppb,12.89,provisorisch
2026-01-13T00:00+0100,Zch_Heubeeribüel,O3,d1,µg/m3,45.86,provisorisch
2026-01-13T00:00+0100,Zch_Heubeeribüel,O3_max_h1,d1,µg/m3,59.7,provisorisch
2026-01-13T00:00+0100,Zch_Heubeeribüel,O3_nb_h1>120,d1,1,0,provisorisch
2026-01-13T00:00+0100,Zch_Heubeeribüel,PM10,d1,µg/m3,5.01,provisorisch
2026-01-13T00:00+0100,Zch_Heubeeribüel,PM2.5,d1,µg/m3,3.41,provisorisch
2026-01-13T00:00+0100,Zch_Rosengartenstrasse,NO,d1,µg/m3,61.87,provisorisch
2026-01-13T00:00+0100,Zch_Rosengartenstrasse,NO2,d1,µg/m3,52.5,provisorisch
2026-01-13T00:00+0100,Zch_Rosengartenstrasse,NOx,d1,ppb,77.06,provisorisch
2026-01-13T00:00+0100,Zch_Rosengartenstrasse,O3,d1,µg/m3,9.83,provisorisch
2026-01-13T00:00+0100,Zch_Rosengartenstrasse,O3_max_h1,d1,µg/m3,27.28,provisorisch
2026-01-13T00:00+0100,Zch_Rosengartenstrasse,O3_nb_h1>120,d1,1,0,provisorisch
2026-01-13T00:00+0100,Zch_Rosengartenstrasse,PM10,d1,µg/m3,11.92,provisorisch
2026-01-13T00:00+0100,Zch_Rosengartenstrasse,PM2.5,d1,µg/m3,7.65,provisorisch
2026-01-13T00:00+0100,Zch_Rosengartenstrasse,PNc,d1,1/cm3,41228.28,provisorisch
2026-01-13T00:00+0100,Zch_Schimmelstrasse,NO,d1,µg/m3,40.18,provisorisch
2026-01-13T00:00+0100,Zch_Schimmelstrasse,NO2,d1,µg/m3,49.82,provisorisch
2026-01-13T00:00+0100,Zch_Schimmelstrasse,NOx,d1,ppb,58.26,provisorisch
2026-01-13T00:00+0100,Zch_Schimmelstrasse,O3,d1,µg/m3,8.23,provisorisch
2026-01-13T00:00+0100,Zch_Schimmelstrasse,O3_max_h1,d1,µg/m3,33.37,provisorisch
2026-01-13T00:00+0100,Zch_Schimmelstrasse,O3_nb_h1>120,d1,1,0,provisorisch
2026-01-13T00:00+0100,Zch_Schimmelstrasse,PM10,d1,µg/m3,NA,provisorisch
2026-01-13T00:00+0100,Zch_Schimmelstrasse,PM2.5,d1,µg/m3,NA,provisorisch
2026-01-13T00:00+0100,Zch_Schimmelstrasse,PN,d1,1/cm3,24693.71,provisorisch
2026-01-13T00:00+0100,Zch_Stampfenbachstrasse,NO,d1,µg/m3,18.54,provisorisch
2026-01-13T00:00+0100,Zch_Stampfenbachstrasse,NO2,d1,µg/m3,41.55,provisorisch
2026-01-13T00:00+0100,Zch_Stampfenbachstrasse,NOx,d1,ppb,36.59,provisorisch
2026-01-13T00:00+0100,Zch_Stampfenbachstrasse,O3,d1,µg/m3,13.96,provisorisch
2026-01-13T00:00+0100,Zch_Stampfenbachstrasse,O3_max_h1,d1,µg/m3,32.8,provisorisch
2026-01-13T00:00+0100,Zch_Stampfenbachstrasse,O3_nb_h1>120,d1,1,0,provisorisch
2026-01-13T00:00+0100,Zch_Stampfenbachstrasse,PM10,d1,µg/m3,10.46,provisorisch
2026-01-13T00:00+0100,Zch_Stampfenbachstrasse,PM2.5,d1,µg/m3,7.15,provisorisch
2026-01-14T00:00+0100,Zch_Heubeeribüel,NO,d1,µg/m3,1.48,provisorisch
2026-01-14T00:00+0100,Zch_Heubeeribüel,NO2,d1,µg/m3,11.71,provisorisch
2026-01-14T00:00+0100,Zch_Heubeeribüel,NOx,d1,ppb,7.31,provisorisch
2026-01-14T00:00+0100,Zch_Heubeeribüel,O3,d1,µg/m3,58.54,provisorisch
2026-01-14T00:00+0100,Zch_Heubeeribüel,O3_max_h1,d1,µg/m3,69.11,provisorisch
2026-01-14T00:00+0100,Zch_Heubeeribüel,O3_nb_h1>120,d1,1,0,provisorisch
2026-01-14T00:00+0100,Zch_Heubeeribüel,PM10,d1,µg/m3,4.69,provisorisch
2026-01-14T00:00+0100,Zch_Heubeeribüel,PM2.5,d1,µg/m3,2.82,provisorisch
2026-01-14T00:00+0100,Zch_Rosengartenstrasse,NO,d1,µg/m3,75.76,provisorisch
2026-01-14T00:00+0100,Zch_Rosengartenstrasse,NO2,d1,µg/m3,55.39,provisorisch
2026-01-14T00:00+0100,Zch_Rosengartenstrasse,NOx,d1,ppb,89.7,provisorisch
2026-01-14T00:00+0100,Zch_Rosengartenstrasse,O3,d1,µg/m3,6.15,provisorisch
2026-01-14T00:00+0100,Zch_Rosengartenstrasse,O3_max_h1,d1,µg/m3,26.1,provisorisch
2026-01-14T00:00+0100,Zch_Rosengartenstrasse,O3_nb_h1>120,d1,1,0,provisorisch
2026-01-14T00:00+0100,Zch_Rosengartenstrasse,PM10,d1,µg/m3,22.87,provisorisch
2026-01-14T00:00+0100,Zch_Rosengartenstrasse,PM2.5,d1,µg/m3,9.95,provisorisch
2026-01-14T00:00+0100,Zch_Rosengartenstrasse,PNc,d1,1/cm3,36437.1,provisorisch
2026-01-14T00:00+0100,Zch_Schimmelstrasse,NO,d1,µg/m3,45.39,provisorisch
2026-01-14T00:00+0100,Zch_Schimmelstrasse,NO2,d1,µg/m3,50.43,provisorisch
2026-01-14T00:00+0100,Zch_Schimmelstrasse,NOx,d1,ppb,62.76,provisorisch
2026-01-14T00:00+0100,Zch_Schimmelstrasse,O3,d1,µg/m3,7.82,provisorisch
2026-01-14T00:00+0100,Zch_Schimmelstrasse,O3_max_h1,d1,µg/m3,30.48,provisorisch
2026-01-14T00:00+0100,Zch_Schimmelstrasse,O3_nb_h1>120,d1,1,0,provisorisch
2026-01-14T00:00+0100,Zch_Schimmelstrasse,PM10,d1,µg/m3,NA,provisorisch
2026-01-14T00:00+0100,Zch_Schimmelstrasse,PM2.5,d1,µg/m3,NA,provisorisch
2026-01-14T00:00+0100,Zch_Schimmelstrasse,PN,d1,1/cm3,27339.44,provisorisch
2026-01-14T00:00+0100,Zch_Stampfenbachstrasse,NO,d1,µg/m3,46.17,provisorisch
2026-01-14T00:00+0100,Zch_Stampfenbachstrasse,NO2,d1,µg/m3,49.14,provisorisch
2026-01-14T00:00+0100,Zch_Stampfenbachstrasse,NOx,d1,ppb,62.71,provisorisch
2026-01-14T00:00+0100,Zch_Stampfenbachstrasse,O3,d1,µg/m3,7.38,provisorisch
2026-01-14T00:00+0100,Zch_Stampfenbachstrasse,O3_max_h1,d1,µg/m3,29.11,provisorisch
2026-01-14T00:00+0100,Zch_Stampfenbachstrasse,O3_nb_h1>120,d1,1,0,provisorisch
2026-01-14T00:00+0100,Zch_Stampfenbachstrasse,PM10,d1,µg/m3,19.96,provisorisch
2026-01-14T00:00+0100,Zch_Stampfenbachstrasse,PM2.5,d1,µg/m3,9.08,provisorisch
2026-01-15T00:00+0100,Zch_Heubeeribüel,NO,d1,µg/m3,1.4,provisorisch
2026-01-15T00:00+0100,Zch_Heubeeribüel,NO2,d1,µg/m3,12.71,provisorisch
2026-01-15T00:00+0100,Zch_Heubeeribüel,NOx,d1,ppb,7.77,provisorisch
2026-01-15T00:00+0100,Zch_Heubeeribüel,O3,d1,µg/m3,59.63,provisorisch
2026-01-15T00:00+0100,Zch_Heubeeribüel,O3_max_h1,d1,µg/m3,73.06,provisorisch
2026-01-15T00:00+0100,Zch_Heubeeribüel,O3_nb_h1>120,d1,1,0,provisorisch
2026-01-15T00:00+0100,Zch_Heubeeribüel,PM10,d1,µg/m3,7.29,provisorisch
2026-01-15T00:00+0100,Zch_Heubeeribüel,PM2.5,d1,µg/m3,4.91,provisorisch
2026-01-15T00:00+0100,Zch_Rosengartenstrasse,NO,d1,µg/m3,50.73,provisorisch
2026-01-15T00:00+0100,Zch_Rosengartenstrasse,NO2,d1,µg/m3,52.76,provisorisch
2026-01-15T00:00+0100,Zch_Rosengartenstrasse,NOx,d1,ppb,68.27,provisorisch
2026-01-15T00:00+0100,Zch_Rosengartenstrasse,O3,d1,µg/m3,13.36,provisorisch
2026-01-15T00:00+0100,Zch_Rosengartenstrasse,O3_max_h1,d1,µg/m3,41.37,provisorisch
2026-01-15T00:00+0100,Zch_Rosengartenstrasse,O3_nb_h1>120,d1,1,0,provisorisch
2026-01-15T00:00+0100,Zch_Rosengartenstrasse,PM10,d1,µg/m3,18.11,provisorisch
2026-01-15T00:00+0100,Zch_Rosengartenstrasse,PM2.5,d1,µg/m3,8.46,provisorisch
2026-01-15T00:00+0100,Zch_Rosengartenstrasse,PNc,d1,1/cm3,35238.62,provisorisch
2026-01-15T00:00+0100,Zch_Schimmelstrasse,NO,d1,µg/m3,29.09,provisorisch
2026-01-15T00:00+0100,Zch_Schimmelstrasse,NO2,d1,µg/m3,46.72,provisorisch
2026-01-15T00:00+0100,Zch_Schimmelstrasse,NOx,d1,ppb,47.76,provisorisch
2026-01-15T00:00+0100,Zch_Schimmelstrasse,O3,d1,µg/m3,16.09,provisorisch
2026-01-15T00:00+0100,Zch_Schimmelstrasse,O3_max_h1,d1,µg/m3,46.7,provisorisch
2026-01-15T00:00+0100,Zch_Schimmelstrasse,O3_nb_h1>120,d1,1,0,provisorisch
2026-01-15T00:00+0100,Zch_Schimmelstrasse,PM10,d1,µg/m3,11.9,provisorisch
2026-01-15T00:00+0100,Zch_Schimmelstrasse,PM2.5,d1,µg/m3,6.81,provisorisch
2026-01-15T00:00+0100,Zch_Schimmelstrasse,PN,d1,1/cm3,23865.66,provisorisch
2026-01-15T00:00+0100,Zch_Stampfenbachstrasse,NO,d1,µg/m3,18.84,provisorisch
2026-01-15T00:00+0100,Zch_Stampfenbachstrasse,NO2,d1,µg/m3,42.26,provisorisch
2026-01-15T00:00+0100,Zch_Stampfenbachstrasse,NOx,d1,ppb,37.21,provisorisch
2026-01-15T00:00+0100,Zch_Stampfenbachstrasse,O3,d1,µg/m3,19.97,provisorisch
2026-01-15T00:00+0100,Zch_Stampfenbachstrasse,O3_max_h1,d1,µg/m3,47.63,provisorisch
2026-01-15T00:00+0100,Zch_Stampfenbachstrasse,O3_nb_h1>120,d1,1,0,provisorisch
2026-01-15T00:00+0100,Zch_Stampfenbachstrasse,PM10,d1,µg/m3,18.07,provisorisch
2026-01-15T00:00+0100,Zch_Stampfenbachstrasse,PM2.5,d1,µg/m3,8.2,provisorisch
2026-01-16T00:00+0100,Zch_Heubeeribüel,NO,d1,µg/m3,10.66,provisorisch
2026-01-16T00:00+0100,Zch_Heubeeribüel,NO2,d1,µg/m3,27.57,provisorisch
2026-01-16T00:00+0100,Zch_Heubeeribüel,NOx,d1,ppb,22.97,provisorisch
2026-01-16T00:00+0100,Zch_Heubeeribüel,O3,d1,µg/m3,26.43,provisorisch
2026-01-16T00:00+0100,Zch_Heubeeribüel,O3_max_h1,d1,µg/m3,45.34,provisorisch
2026-01-16T00:00+0100,Zch_Heubeeribüel,O3_nb_h1>120,d1,1,0,provisorisch
2026-01-16T00:00+0100,Zch_Heubeeribüel,PM10,d1,µg/m3,14.84,provisorisch
2026-01-16T00:00+0100,Zch_Heubeeribüel,PM2.5,d1,µg/m3,12.38,provisorisch
2026-01-16T00:00+0100,Zch_Rosengartenstrasse,NO,d1,µg/m3,45.46,provisorisch
2026-01-16T00:00+0100,Zch_Rosengartenstrasse,NO2,d1,µg/m3,39.72,provisorisch
2026-01-16T00:00+0100,Zch_Rosengartenstrasse,NOx,d1,ppb,57.21,provisorisch
2026-01-16T00:00+0100,Zch_Rosengartenstrasse,O3,d1,µg/m3,3.6,provisorisch
2026-01-16T00:00+0100,Zch_Rosengartenstrasse,O3_max_h1,d1,µg/m3,9.55,provisorisch
2026-01-16T00:00+0100,Zch_Rosengartenstrasse,O3_nb_h1>120,d1,1,0,provisorisch
2026-01-16T00:00+0100,Zch_Rosengartenstrasse,PM10,d1,µg/m3,20.45,provisorisch
2026-01-16T00:00+0100,Zch_Rosengartenstrasse,PM2.5,d1,µg/m3,15.53,provisorisch
2026-01-16T00:00+0100,Zch_Rosengartenstrasse,PNc,d1,1/cm3,21837.89,provisorisch
2026-01-16T00:00+0100,Zch_Schimmelstrasse,NO,d1,µg/m3,58.61,provisorisch
2026-01-16T00:00+0100,Zch_Schimmelstrasse,NO2,d1,µg/m3,46.85,provisorisch
2026-01-16T00:00+0100,Zch_Schimmelstrasse,NOx,d1,ppb,71.49,provisorisch
2026-01-16T00:00+0100,Zch_Schimmelstrasse,O3,d1,µg/m3,3.41,provisorisch
2026-01-16T00:00+0100,Zch_Schimmelstrasse,O3_max_h1,d1,µg/m3,8.87,provisorisch
2026-01-16T00:00+0100,Zch_Schimmelstrasse,O3_nb_h1>120,d1,1,0,provisorisch
2026-01-16T00:00+0100,Zch_Schimmelstrasse,PM10,d1,µg/m3,20.47,provisorisch
2026-01-16T00:00+0100,Zch_Schimmelstrasse,PM2.5,d1,µg/m3,15.95,provisorisch
2026-01-16T00:00+0100,Zch_Schimmelstrasse,PN,d1,1/cm3,24024.34,provisorisch
2026-01-16T00:00+0100,Zch_Stampfenbachstrasse,NO,d1,µg/m3,35.83,provisorisch
2026-01-16T00:00+0100,Zch_Stampfenbachstrasse,NO2,d1,µg/m3,41.81,provisorisch
2026-01-16T00:00+0100,Zch_Stampfenbachstrasse,NOx,d1,ppb,50.59,provisorisch
2026-01-16T00:00+0100,Zch_Stampfenbachstrasse,O3,d1,µg/m3,4.28,provisorisch
2026-01-16T00:00+0100,Zch_Stampfenbachstrasse,O3_max_h1,d1,µg/m3,9.16,provisorisch
2026-01-16T00:00+0100,Zch_Stampfenbachstrasse,O3_nb_h1>120,d1,1,0,provisorisch
2026-01-16T00:00+0100,Zch_Stampfenbachstrasse,PM10,d1,µg/m3,20.15,provisorisch
2026-01-16T00:00+0100,Zch_Stampfenbachstrasse,PM2.5,d1,µg/m3,15.51,provisorisch
2026-01-17T00:00+0100,Zch_Heubeeribüel,NO,d1,µg/m3,9.08,provisorisch
2026-01-17T00:00+0100,Zch_Heubeeribüel,NO2,d1,µg/m3,27.78,provisorisch
2026-01-17T00:00+0100,Zch_Heubeeribüel,NOx,d1,ppb,21.8,provisorisch
2026-01-17T00:00+0100,Zch_Heubeeribüel,O3,d1,µg/m3,14.04,provisorisch
2026-01-17T00:00+0100,Zch_Heubeeribüel,O3_max_h1,d1,µg/m3,30.09,provisorisch
2026-01-17T00:00+0100,Zch_Heubeeribüel,O3_nb_h1>120,d1,1,0,provisorisch
2026-01-17T00:00+0100,Zch_Heubeeribüel,PM10,d1,µg/m3,18.21,provisorisch
2026-01-17T00:00+0100,Zch_Heubeeribüel,PM2.5,d1,µg/m3,16.87,provisorisch
2026-01-17T00:00+0100,Zch_Rosengartenstrasse,NO,d1,µg/m3,56.28,provisorisch
2026-01-17T00:00+0100,Zch_Rosengartenstrasse,NO2,d1,µg/m3,34.72,provisorisch
2026-01-17T00:00+0100,Zch_Rosengartenstrasse,NOx,d1,ppb,63.27,provisorisch
2026-01-17T00:00+0100,Zch_Rosengartenstrasse,O3,d1,µg/m3,2.31,provisorisch
2026-01-17T00:00+0100,Zch_Rosengartenstrasse,O3_max_h1,d1,µg/m3,6.24,provisorisch
2026-01-17T00:00+0100,Zch_Rosengartenstrasse,O3_nb_h1>120,d1,1,0,provisorisch
2026-01-17T00:00+0100,Zch_Rosengartenstrasse,PM10,d1,µg/m3,24.3,provisorisch
2026-01-17T00:00+0100,Zch_Rosengartenstrasse,PM2.5,d1,µg/m3,19.53,provisorisch
2026-01-17T00:00+0100,Zch_Rosengartenstrasse,PNc,d1,1/cm3,25003.44,provisorisch
2026-01-17T00:00+0100,Zch_Schimmelstrasse,NO,d1,µg/m3,50.99,provisorisch
2026-01-17T00:00+0100,Zch_Schimmelstrasse,NO2,d1,µg/m3,40.67,provisorisch
2026-01-17T00:00+0100,Zch_Schimmelstrasse,NOx,d1,ppb,62.15,provisorisch
2026-01-17T00:00+0100,Zch_Schimmelstrasse,O3,d1,µg/m3,2.55,provisorisch
2026-01-17T00:00+0100,Zch_Schimmelstrasse,O3_max_h1,d1,µg/m3,8.4,provisorisch
2026-01-17T00:00+0100,Zch_Schimmelstrasse,O3_nb_h1>120,d1,1,0,provisorisch
2026-01-17T00:00+0100,Zch_Schimmelstrasse,PM10,d1,µg/m3,22.62,provisorisch
2026-01-17T00:00+0100,Zch_Schimmelstrasse,PM2.5,d1,µg/m3,19.02,provisorisch
2026-01-17T00:00+0100,Zch_Schimmelstrasse,PN,d1,1/cm3,24381.41,provisorisch
2026-01-17T00:00+0100,Zch_Stampfenbachstrasse,NO,d1,µg/m3,51.82,provisorisch
2026-01-17T00:00+0100,Zch_Stampfenbachstrasse,NO2,d1,µg/m3,36.08,provisorisch
2026-01-17T00:00+0100,Zch_Stampfenbachstrasse,NOx,d1,ppb,60.41,provisorisch
2026-01-17T00:00+0100,Zch_Stampfenbachstrasse,O3,d1,µg/m3,3.08,provisorisch
2026-01-17T00:00+0100,Zch_Stampfenbachstrasse,O3_max_h1,d1,µg/m3,6.67,provisorisch
2026-01-17T00:00+0100,Zch_Stampfenbachstrasse,O3_nb_h1>120,d1,1,0,provisorisch
2026-01-17T00:00+0100,Zch_Stampfenbachstrasse,PM10,d1,µg/m3,23.26,provisorisch
2026-01-17T00:00+0100,Zch_Stampfenbachstrasse,PM2.5,d1,µg/m3,18.59,provisorisch
2026-01-18T00:00+0100,Zch_Heubeeribüel,NO,d1,µg/m3,4.94,provisorisch
2026-01-18T00:00+0100,Zch_Heubeeribüel,NO2,d1,µg/m3,23.47,provisorisch
2026-01-18T00:00+0100,Zch_Heubeeribüel,NOx,d1,ppb,16.24,provisorisch
2026-01-18T00:00+0100,Zch_Heubeeribüel,O3,d1,µg/m3,7.06,provisorisch
2026-01-18T00:00+0100,Zch_Heubeeribüel,O3_max_h1,d1,µg/m3,16.3,provisorisch
2026-01-18T00:00+0100,Zch_Heubeeribüel,O3_nb_h1>120,d1,1,0,provisorisch
2026-01-18T00:00+0100,Zch_Heubeeribüel,PM10,d1,µg/m3,12.07,provisorisch
2026-01-18T00:00+0100,Zch_Heubeeribüel,PM2.5,d1,µg/m3,11.73,provisorisch
2026-01-18T00:00+0100,Zch_Rosengartenstrasse,NO,d1,µg/m3,17.61,provisorisch
2026-01-18T00:00+0100,Zch_Rosengartenstrasse,NO2,d1,µg/m3,28.39,provisorisch
2026-01-18T00:00+0100,Zch_Rosengartenstrasse,NOx,d1,ppb,28.96,provisorisch
2026-01-18T00:00+0100,Zch_Rosengartenstrasse,O3,d1,µg/m3,4.68,provisorisch
2026-01-18T00:00+0100,Zch_Rosengartenstrasse,O3_max_h1,d1,µg/m3,10,provisorisch
2026-01-18T00:00+0100,Zch_Rosengartenstrasse,O3_nb_h1>120,d1,1,0,provisorisch
2026-01-18T00:00+0100,Zch_Rosengartenstrasse,PM10,d1,µg/m3,20.62,provisorisch
2026-01-18T00:00+0100,Zch_Rosengartenstrasse,PM2.5,d1,µg/m3,16.31,provisorisch
2026-01-18T00:00+0100,Zch_Rosengartenstrasse,PNc,d1,1/cm3,10341.9,provisorisch
2026-01-18T00:00+0100,Zch_Schimmelstrasse,NO,d1,µg/m3,16.49,provisorisch
2026-01-18T00:00+0100,Zch_Schimmelstrasse,NO2,d1,µg/m3,30.37,provisorisch
2026-01-18T00:00+0100,Zch_Schimmelstrasse,NOx,d1,ppb,29.1,provisorisch
2026-01-18T00:00+0100,Zch_Schimmelstrasse,O3,d1,µg/m3,4.55,provisorisch
2026-01-18T00:00+0100,Zch_Schimmelstrasse,O3_max_h1,d1,µg/m3,10.83,provisorisch
2026-01-18T00:00+0100,Zch_Schimmelstrasse,O3_nb_h1>120,d1,1,0,provisorisch
2026-01-18T00:00+0100,Zch_Schimmelstrasse,PM10,d1,µg/m3,20.33,provisorisch
2026-01-18T00:00+0100,Zch_Schimmelstrasse,PM2.5,d1,µg/m3,16.68,provisorisch
2026-01-18T00:00+0100,Zch_Schimmelstrasse,PN,d1,1/cm3,8078.62,provisorisch
2026-01-18T00:00+0100,Zch_Stampfenbachstrasse,NO,d1,µg/m3,8.86,provisorisch
2026-01-18T00:00+0100,Zch_Stampfenbachstrasse,NO2,d1,µg/m3,26.99,provisorisch
2026-01-18T00:00+0100,Zch_Stampfenbachstrasse,NOx,d1,ppb,21.22,provisorisch
2026-01-18T00:00+0100,Zch_Stampfenbachstrasse,O3,d1,µg/m3,5.5,provisorisch
2026-01-18T00:00+0100,Zch_Stampfenbachstrasse,O3_max_h1,d1,µg/m3,11.98,provisorisch
2026-01-18T00:00+0100,Zch_Stampfenbachstrasse,O3_nb_h1>120,d1,1,0,provisorisch
2026-01-18T00:00+0100,Zch_Stampfenbachstrasse,PM10,d1,µg/m3,18.3,provisorisch
2026-01-18T00:00+0100,Zch_Stampfenbachstrasse,PM2.5,d1,µg/m3,15.14,provisorisch
2026-01-19T00:00+0100,Zch_Heubeeribüel,NO,d1,µg/m3,21.16,provisorisch
2026-01-19T00:00+0100,Zch_Heubeeribüel,NO2,d1,µg/m3,27.34,provisorisch
2026-01-19T00:00+0100,Zch_Heubeeribüel,NOx,d1,ppb,31.26,provisorisch
2026-01-19T00:00+0100,Zch_Heubeeribüel,O3,d1,µg/m3,4.48,provisorisch
2026-01-19T00:00+0100,Zch_Heubeeribüel,O3_max_h1,d1,µg/m3,10.31,provisorisch
2026-01-19T00:00+0100,Zch_Heubeeribüel,O3_nb_h1>120,d1,1,0,provisorisch
2026-01-19T00:00+0100,Zch_Heubeeribüel,PM10,d1,µg/m3,12.59,provisorisch
2026-01-19T00:00+0100,Zch_Heubeeribüel,PM2.5,d1,µg/m3,11.72,provisorisch
2026-01-19T00:00+0100,Zch_Rosengartenstrasse,NO,d1,µg/m3,38.81,provisorisch
2026-01-19T00:00+0100,Zch_Rosengartenstrasse,NO2,d1,µg/m3,33.3,provisorisch
2026-01-19T00:00+0100,Zch_Rosengartenstrasse,NOx,d1,ppb,48.53,provisorisch
2026-01-19T00:00+0100,Zch_Rosengartenstrasse,O3,d1,µg/m3,2.54,provisorisch
2026-01-19T00:00+0100,Zch_Rosengartenstrasse,O3_max_h1,d1,µg/m3,6.39,provisorisch
2026-01-19T00:00+0100,Zch_Rosengartenstrasse,O3_nb_h1>120,d1,1,0,provisorisch
2026-01-19T00:00+0100,Zch_Rosengartenstrasse,PM10,d1,µg/m3,24.53,provisorisch
2026-01-19T00:00+0100,Zch_Rosengartenstrasse,PM2.5,d1,µg/m3,18.66,provisorisch
2026-01-19T00:00+0100,Zch_Rosengartenstrasse,PNc,d1,1/cm3,20867.91,provisorisch
2026-01-19T00:00+0100,Zch_Schimmelstrasse,NO,d1,µg/m3,49.97,provisorisch
2026-01-19T00:00+0100,Zch_Schimmelstrasse,NO2,d1,µg/m3,38.39,provisorisch
2026-01-19T00:00+0100,Zch_Schimmelstrasse,NOx,d1,ppb,60.14,provisorisch
2026-01-19T00:00+0100,Zch_Schimmelstrasse,O3,d1,µg/m3,2.38,provisorisch
2026-01-19T00:00+0100,Zch_Schimmelstrasse,O3_max_h1,d1,µg/m3,7.49,provisorisch
2026-01-19T00:00+0100,Zch_Schimmelstrasse,O3_nb_h1>120,d1,1,0,provisorisch
2026-01-19T00:00+0100,Zch_Schimmelstrasse,PM10,d1,µg/m3,25.74,provisorisch
2026-01-19T00:00+0100,Zch_Schimmelstrasse,PM2.5,d1,µg/m3,19.12,provisorisch
2026-01-19T00:00+0100,Zch_Schimmelstrasse,PN,d1,1/cm3,18701.82,provisorisch
2026-01-19T00:00+0100,Zch_Stampfenbachstrasse,NO,d1,µg/m3,29.22,provisorisch
2026-01-19T00:00+0100,Zch_Stampfenbachstrasse,NO2,d1,µg/m3,31.26,provisorisch
2026-01-19T00:00+0100,Zch_Stampfenbachstrasse,NOx,d1,ppb,39.77,provisorisch
2026-01-19T00:00+0100,Zch_Stampfenbachstrasse,O3,d1,µg/m3,3.53,provisorisch
2026-01-19T00:00+0100,Zch_Stampfenbachstrasse,O3_max_h1,d1,µg/m3,8.23,provisorisch
2026-01-19T00:00+0100,Zch_Stampfenbachstrasse,O3_nb_h1>120,d1,1,0,provisorisch
2026-01-19T00:00+0100,Zch_Stampfenbachstrasse,PM10,d1,µg/m3,22.22,provisorisch
2026-01-19T00:00+0100,Zch_Stampfenbachstrasse,PM2.5,d1,µg/m3,16.97,provisorisch
2026-01-20T00:00+0100,Zch_Heubeeribüel,NO,d1,µg/m3,27.23,provisorisch
2026-01-20T00:00+0100,Zch_Heubeeribüel,NO2,d1,µg/m3,30.76,provisorisch
2026-01-20T00:00+0100,Zch_Heubeeribüel,NOx,d1,ppb,37.92,provisorisch
2026-01-20T00:00+0100,Zch_Heubeeribüel,O3,d1,µg/m3,5.09,provisorisch
2026-01-20T00:00+0100,Zch_Heubeeribüel,O3_max_h1,d1,µg/m3,14.95,provisorisch
2026-01-20T00:00+0100,Zch_Heubeeribüel,O3_nb_h1>120,d1,1,0,provisorisch
2026-01-20T00:00+0100,Zch_Heubeeribüel,PM10,d1,µg/m3,11.93,provisorisch
2026-01-20T00:00+0100,Zch_Heubeeribüel,PM2.5,d1,µg/m3,9.79,provisorisch
2026-01-20T00:00+0100,Zch_Rosengartenstrasse,NO,d1,µg/m3,43.44,provisorisch
2026-01-20T00:00+0100,Zch_Rosengartenstrasse,NO2,d1,µg/m3,30.06,provisorisch
2026-01-20T00:00+0100,Zch_Rosengartenstrasse,NOx,d1,ppb,50.55,provisorisch
2026-01-20T00:00+0100,Zch_Rosengartenstrasse,O3,d1,µg/m3,3,provisorisch
2026-01-20T00:00+0100,Zch_Rosengartenstrasse,O3_max_h1,d1,µg/m3,10.25,provisorisch
2026-01-20T00:00+0100,Zch_Rosengartenstrasse,O3_nb_h1>120,d1,1,0,provisorisch
2026-01-20T00:00+0100,Zch_Rosengartenstrasse,PM10,d1,µg/m3,16.15,provisorisch
2026-01-20T00:00+0100,Zch_Rosengartenstrasse,PM2.5,d1,µg/m3,11.29,provisorisch
2026-01-20T00:00+0100,Zch_Rosengartenstrasse,PNc,d1,1/cm3,17106.69,provisorisch
2026-01-20T00:00+0100,Zch_Schimmelstrasse,NO,d1,µg/m3,63.47,provisorisch
2026-01-20T00:00+0100,Zch_Schimmelstrasse,NO2,d1,µg/m3,37.95,provisorisch
2026-01-20T00:00+0100,Zch_Schimmelstrasse,NOx,d1,ppb,70.73,provisorisch
2026-01-20T00:00+0100,Zch_Schimmelstrasse,O3,d1,µg/m3,2.6,provisorisch
2026-01-20T00:00+0100,Zch_Schimmelstrasse,O3_max_h1,d1,µg/m3,7.86,provisorisch
2026-01-20T00:00+0100,Zch_Schimmelstrasse,O3_nb_h1>120,d1,1,0,provisorisch
2026-01-20T00:00+0100,Zch_Schimmelstrasse,PM10,d1,µg/m3,21.04,provisorisch
2026-01-20T00:00+0100,Zch_Schimmelstrasse,PM2.5,d1,µg/m3,13.11,provisorisch
2026-01-20T00:00+0100,Zch_Schimmelstrasse,PN,d1,1/cm3,18357.29,provisorisch
2026-01-20T00:00+0100,Zch_Stampfenbachstrasse,NO,d1,µg/m3,33.9,provisorisch
2026-01-20T00:00+0100,Zch_Stampfenbachstrasse,NO2,d1,µg/m3,30.3,provisorisch
2026-01-20T00:00+0100,Zch_Stampfenbachstrasse,NOx,d1,ppb,43.02,provisorisch
2026-01-20T00:00+0100,Zch_Stampfenbachstrasse,O3,d1,µg/m3,4.01,provisorisch
2026-01-20T00:00+0100,Zch_Stampfenbachstrasse,O3_max_h1,d1,µg/m3,11.43,provisorisch
2026-01-20T00:00+0100,Zch_Stampfenbachstrasse,O3_nb_h1>120,d1,1,0,provisorisch
2026-01-20T00:00+0100,Zch_Stampfenbachstrasse,PM10,d1,µg/m3,16.47,provisorisch
2026-01-20T00:00+0100,Zch_Stampfenbachstrasse,PM2.5,d1,µg/m3,11.46,provisorisch
2026-01-21T00:00+0100,Zch_Heubeeribüel,NO,d1,µg/m3,40.89,provisorisch
2026-01-21T00:00+0100,Zch_Heubeeribüel,NO2,d1,µg/m3,40.67,provisorisch
2026-01-21T00:00+0100,Zch_Heubeeribüel,NOx,d1,ppb,54.05,provisorisch
2026-01-21T00:00+0100,Zch_Heubeeribüel,O3,d1,µg/m3,4.77,provisorisch
2026-01-21T00:00+0100,Zch_Heubeeribüel,O3_max_h1,d1,µg/m3,12.11,provisorisch
2026-01-21T00:00+0100,Zch_Heubeeribüel,O3_nb_h1>120,d1,1,0,provisorisch
2026-01-21T00:00+0100,Zch_Heubeeribüel,PM10,d1,µg/m3,17.82,provisorisch
2026-01-21T00:00+0100,Zch_Heubeeribüel,PM2.5,d1,µg/m3,13.98,provisorisch
2026-01-21T00:00+0100,Zch_Rosengartenstrasse,NO,d1,µg/m3,52.21,provisorisch
2026-01-21T00:00+0100,Zch_Rosengartenstrasse,NO2,d1,µg/m3,33.62,provisorisch
2026-01-21T00:00+0100,Zch_Rosengartenstrasse,NOx,d1,ppb,59.44,provisorisch
2026-01-21T00:00+0100,Zch_Rosengartenstrasse,O3,d1,µg/m3,3.06,provisorisch
2026-01-21T00:00+0100,Zch_Rosengartenstrasse,O3_max_h1,d1,µg/m3,9.64,provisorisch
2026-01-21T00:00+0100,Zch_Rosengartenstrasse,O3_nb_h1>120,d1,1,0,provisorisch
2026-01-21T00:00+0100,Zch_Rosengartenstrasse,PM10,d1,µg/m3,20.37,provisorisch
2026-01-21T00:00+0100,Zch_Rosengartenstrasse,PM2.5,d1,µg/m3,14.52,provisorisch
2026-01-21T00:00+0100,Zch_Rosengartenstrasse,PNc,d1,1/cm3,18723.26,provisorisch
2026-01-21T00:00+0100,Zch_Schimmelstrasse,NO,d1,µg/m3,69.04,provisorisch
2026-01-21T00:00+0100,Zch_Schimmelstrasse,NO2,d1,µg/m3,43.26,provisorisch
2026-01-21T00:00+0100,Zch_Schimmelstrasse,NOx,d1,ppb,77.97,provisorisch
2026-01-21T00:00+0100,Zch_Schimmelstrasse,O3,d1,µg/m3,2.88,provisorisch
2026-01-21T00:00+0100,Zch_Schimmelstrasse,O3_max_h1,d1,µg/m3,9.58,provisorisch
2026-01-21T00:00+0100,Zch_Schimmelstrasse,O3_nb_h1>120,d1,1,0,provisorisch
2026-01-21T00:00+0100,Zch_Schimmelstrasse,PM10,d1,µg/m3,23.82,provisorisch
2026-01-21T00:00+0100,Zch_Schimmelstrasse,PM2.5,d1,µg/m3,15.75,provisorisch
2026-01-21T00:00+0100,Zch_Schimmelstrasse,PN,d1,1/cm3,17688.14,provisorisch
2026-01-21T00:00+0100,Zch_Stampfenbachstrasse,NO,d1,µg/m3,54.84,provisorisch
2026-01-21T00:00+0100,Zch_Stampfenbachstrasse,NO2,d1,µg/m3,37,provisorisch
2026-01-21T00:00+0100,Zch_Stampfenbachstrasse,NOx,d1,ppb,63.32,provisorisch
2026-01-21T00:00+0100,Zch_Stampfenbachstrasse,O3,d1,µg/m3,3.54,provisorisch
2026-01-21T00:00+0100,Zch_Stampfenbachstrasse,O3_max_h1,d1,µg/m3,9.78,provisorisch
2026-01-21T00:00+0100,Zch_Stampfenbachstrasse,O3_nb_h1>120,d1,1,0,provisorisch
2026-01-21T00:00+0100,Zch_Stampfenbachstrasse,PM10,d1,µg/m3,23.91,provisorisch
2026-01-21T00:00+0100,Zch_Stampfenbachstrasse,PM2.5,d1,µg/m3,15.47,provisorisch
2026-01-22T00:00+0100,Zch_Heubeeribüel,NO,d1,µg/m3,38.72,provisorisch
2026-01-22T00:00+0100,Zch_Heubeeribüel,NO2,d1,µg/m3,42.06,provisorisch
2026-01-22T00:00+0100,Zch_Heubeeribüel,NOx,d1,ppb,53.04,provisorisch
2026-01-22T00:00+0100,Zch_Heubeeribüel,O3,d1,µg/m3,3.67,provisorisch
2026-01-22T00:00+0100,Zch_Heubeeribüel,O3_max_h1,d1,µg/m3,9.63,provisorisch
2026-01-22T00:00+0100,Zch_Heubeeribüel,O3_nb_h1>120,d1,1,0,provisorisch
2026-01-22T00:00+0100,Zch_Heubeeribüel,PM10,d1,µg/m3,18.96,provisorisch
2026-01-22T00:00+0100,Zch_Heubeeribüel,PM2.5,d1,µg/m3,16.17,provisorisch
2026-01-22T00:00+0100,Zch_Rosengartenstrasse,NO,d1,µg/m3,69.83,provisorisch
2026-01-22T00:00+0100,Zch_Rosengartenstrasse,NO2,d1,µg/m3,44.36,provisorisch
2026-01-22T00:00+0100,Zch_Rosengartenstrasse,NOx,d1,ppb,79.19,provisorisch
2026-01-22T00:00+0100,Zch_Rosengartenstrasse,O3,d1,µg/m3,1.96,provisorisch
2026-01-22T00:00+0100,Zch_Rosengartenstrasse,O3_max_h1,d1,µg/m3,5.57,provisorisch
2026-01-22T00:00+0100,Zch_Rosengartenstrasse,O3_nb_h1>120,d1,1,0,provisorisch
2026-01-22T00:00+0100,Zch_Rosengartenstrasse,PM10,d1,µg/m3,31.88,provisorisch
2026-01-22T00:00+0100,Zch_Rosengartenstrasse,PM2.5,d1,µg/m3,22.55,provisorisch
2026-01-22T00:00+0100,Zch_Rosengartenstrasse,PNc,d1,1/cm3,21983.2,provisorisch
2026-01-22T00:00+0100,Zch_Schimmelstrasse,NO,d1,µg/m3,69.71,provisorisch
2026-01-22T00:00+0100,Zch_Schimmelstrasse,NO2,d1,µg/m3,48.63,provisorisch
2026-01-22T00:00+0100,Zch_Schimmelstrasse,NOx,d1,ppb,81.32,provisorisch
2026-01-22T00:00+0100,Zch_Schimmelstrasse,O3,d1,µg/m3,2.72,provisorisch
2026-01-22T00:00+0100,Zch_Schimmelstrasse,O3_max_h1,d1,µg/m3,7.94,provisorisch
2026-01-22T00:00+0100,Zch_Schimmelstrasse,O3_nb_h1>120,d1,1,0,provisorisch
2026-01-22T00:00+0100,Zch_Schimmelstrasse,PM10,d1,µg/m3,29,provisorisch
2026-01-22T00:00+0100,Zch_Schimmelstrasse,PM2.5,d1,µg/m3,21.07,provisorisch
2026-01-22T00:00+0100,Zch_Schimmelstrasse,PN,d1,1/cm3,17703.41,provisorisch
2026-01-22T00:00+0100,Zch_Stampfenbachstrasse,NO,d1,µg/m3,62.15,provisorisch
2026-01-22T00:00+0100,Zch_Stampfenbachstrasse,NO2,d1,µg/m3,45.8,provisorisch
2026-01-22T00:00+0100,Zch_Stampfenbachstrasse,NOx,d1,ppb,73.78,provisorisch
2026-01-22T00:00+0100,Zch_Stampfenbachstrasse,O3,d1,µg/m3,3.11,provisorisch
2026-01-22T00:00+0100,Zch_Stampfenbachstrasse,O3_max_h1,d1,µg/m3,6.61,provisorisch
2026-01-22T00:00+0100,Zch_Stampfenbachstrasse,O3_nb_h1>120,d1,1,0,provisorisch
2026-01-22T00:00+0100,Zch_Stampfenbachstrasse,PM10,d1,µg/m3,29.44,provisorisch
2026-01-22T00:00+0100,Zch_Stampfenbachstrasse,PM2.5,d1,µg/m3,20.71,provisorisch
2026-01-23T00:00+0100,Zch_Heubeeribüel,NO,d1,µg/m3,24.38,provisorisch
2026-01-23T00:00+0100,Zch_Heubeeribüel,NO2,d1,µg/m3,34.35,provisorisch
2026-01-23T00:00+0100,Zch_Heubeeribüel,NOx,d1,ppb,37.51,provisorisch
2026-01-23T00:00+0100,Zch_Heubeeribüel,O3,d1,µg/m3,5.63,provisorisch
2026-01-23T00:00+0100,Zch_Heubeeribüel,O3_max_h1,d1,µg/m3,18.98,provisorisch
2026-01-23T00:00+0100,Zch_Heubeeribüel,O3_nb_h1>120,d1,1,0,provisorisch
2026-01-23T00:00+0100,Zch_Heubeeribüel,PM10,d1,µg/m3,15.44,provisorisch
2026-01-23T00:00+0100,Zch_Heubeeribüel,PM2.5,d1,µg/m3,14.41,provisorisch
2026-01-23T00:00+0100,Zch_Rosengartenstrasse,NO,d1,µg/m3,42.54,provisorisch
2026-01-23T00:00+0100,Zch_Rosengartenstrasse,NO2,d1,µg/m3,40.76,provisorisch
2026-01-23T00:00+0100,Zch_Rosengartenstrasse,NOx,d1,ppb,55.42,provisorisch
2026-01-23T00:00+0100,Zch_Rosengartenstrasse,O3,d1,µg/m3,3.7,provisorisch
2026-01-23T00:00+0100,Zch_Rosengartenstrasse,O3_max_h1,d1,µg/m3,12.3,provisorisch
2026-01-23T00:00+0100,Zch_Rosengartenstrasse,O3_nb_h1>120,d1,1,0,provisorisch
2026-01-23T00:00+0100,Zch_Rosengartenstrasse,PM10,d1,µg/m3,27.24,provisorisch
2026-01-23T00:00+0100,Zch_Rosengartenstrasse,PM2.5,d1,µg/m3,20.48,provisorisch
2026-01-23T00:00+0100,Zch_Rosengartenstrasse,PNc,d1,1/cm3,19289.78,provisorisch
2026-01-23T00:00+0100,Zch_Schimmelstrasse,NO,d1,µg/m3,58.34,provisorisch
2026-01-23T00:00+0100,Zch_Schimmelstrasse,NO2,d1,µg/m3,46.99,provisorisch
2026-01-23T00:00+0100,Zch_Schimmelstrasse,NOx,d1,ppb,71.35,provisorisch
2026-01-23T00:00+0100,Zch_Schimmelstrasse,O3,d1,µg/m3,3.75,provisorisch
2026-01-23T00:00+0100,Zch_Schimmelstrasse,O3_max_h1,d1,µg/m3,11.44,provisorisch
2026-01-23T00:00+0100,Zch_Schimmelstrasse,O3_nb_h1>120,d1,1,0,provisorisch
2026-01-23T00:00+0100,Zch_Schimmelstrasse,PM10,d1,µg/m3,28.94,provisorisch
2026-01-23T00:00+0100,Zch_Schimmelstrasse,PM2.5,d1,µg/m3,21.42,provisorisch
2026-01-23T00:00+0100,Zch_Schimmelstrasse,PN,d1,1/cm3,19704.79,provisorisch
2026-01-23T00:00+0100,Zch_Stampfenbachstrasse,NO,d1,µg/m3,34.18,provisorisch
2026-01-23T00:00+0100,Zch_Stampfenbachstrasse,NO2,d1,µg/m3,40.43,provisorisch
2026-01-23T00:00+0100,Zch_Stampfenbachstrasse,NOx,d1,ppb,48.55,provisorisch
2026-01-23T00:00+0100,Zch_Stampfenbachstrasse,O3,d1,µg/m3,4.68,provisorisch
2026-01-23T00:00+0100,Zch_Stampfenbachstrasse,O3_max_h1,d1,µg/m3,14.06,provisorisch
2026-01-23T00:00+0100,Zch_Stampfenbachstrasse,O3_nb_h1>120,d1,1,0,provisorisch
2026-01-23T00:00+0100,Zch_Stampfenbachstrasse,PM10,d1,µg/m3,23.86,provisorisch
2026-01-23T00:00+0100,Zch_Stampfenbachstrasse,PM2.5,d1,µg/m3,18.3,provisorisch
2026-01-24T00:00+0100,Zch_Heubeeribüel,NO,d1,µg/m3,6.47,provisorisch
2026-01-24T00:00+0100,Zch_Heubeeribüel,NO2,d1,µg/m3,26.47,provisorisch
2026-01-24T00:00+0100,Zch_Heubeeribüel,NOx,d1,ppb,19.03,provisorisch
2026-01-24T00:00+0100,Zch_Heubeeribüel,O3,d1,µg/m3,15.1,provisorisch
2026-01-24T00:00+0100,Zch_Heubeeribüel,O3_max_h1,d1,µg/m3,32.4,provisorisch
2026-01-24T00:00+0100,Zch_Heubeeribüel,O3_nb_h1>120,d1,1,0,provisorisch
2026-01-24T00:00+0100,Zch_Heubeeribüel,PM10,d1,µg/m3,16.72,provisorisch
2026-01-24T00:00+0100,Zch_Heubeeribüel,PM2.5,d1,µg/m3,16.34,provisorisch
2026-01-24T00:00+0100,Zch_Rosengartenstrasse,NO,d1,µg/m3,25.79,provisorisch
2026-01-24T00:00+0100,Zch_Rosengartenstrasse,NO2,d1,µg/m3,36.01,provisorisch
2026-01-24T00:00+0100,Zch_Rosengartenstrasse,NOx,d1,ppb,39.51,provisorisch
2026-01-24T00:00+0100,Zch_Rosengartenstrasse,O3,d1,µg/m3,11.18,provisorisch
2026-01-24T00:00+0100,Zch_Rosengartenstrasse,O3_max_h1,d1,µg/m3,26.52,provisorisch
2026-01-24T00:00+0100,Zch_Rosengartenstrasse,O3_nb_h1>120,d1,1,0,provisorisch
2026-01-24T00:00+0100,Zch_Rosengartenstrasse,PM10,d1,µg/m3,24.39,provisorisch
2026-01-24T00:00+0100,Zch_Rosengartenstrasse,PM2.5,d1,µg/m3,19.57,provisorisch
2026-01-24T00:00+0100,Zch_Rosengartenstrasse,PNc,d1,1/cm3,13822.06,provisorisch
2026-01-24T00:00+0100,Zch_Schimmelstrasse,NO,d1,µg/m3,23.82,provisorisch
2026-01-24T00:00+0100,Zch_Schimmelstrasse,NO2,d1,µg/m3,38.01,provisorisch
2026-01-24T00:00+0100,Zch_Schimmelstrasse,NOx,d1,ppb,38.97,provisorisch
2026-01-24T00:00+0100,Zch_Schimmelstrasse,O3,d1,µg/m3,10.88,provisorisch
2026-01-24T00:00+0100,Zch_Schimmelstrasse,O3_max_h1,d1,µg/m3,27.63,provisorisch
2026-01-24T00:00+0100,Zch_Schimmelstrasse,O3_nb_h1>120,d1,1,0,provisorisch
2026-01-24T00:00+0100,Zch_Schimmelstrasse,PM10,d1,µg/m3,25.02,provisorisch
2026-01-24T00:00+0100,Zch_Schimmelstrasse,PM2.5,d1,µg/m3,20.67,provisorisch
2026-01-24T00:00+0100,Zch_Schimmelstrasse,PN,d1,1/cm3,11964.5,provisorisch
2026-01-24T00:00+0100,Zch_Stampfenbachstrasse,NO,d1,µg/m3,12.61,provisorisch
2026-01-24T00:00+0100,Zch_Stampfenbachstrasse,NO2,d1,µg/m3,32.86,provisorisch
2026-01-24T00:00+0100,Zch_Stampfenbachstrasse,NOx,d1,ppb,27.3,provisorisch
2026-01-24T00:00+0100,Zch_Stampfenbachstrasse,O3,d1,µg/m3,12.9,provisorisch
2026-01-24T00:00+0100,Zch_Stampfenbachstrasse,O3_max_h1,d1,µg/m3,30.11,provisorisch
2026-01-24T00:00+0100,Zch_Stampfenbachstrasse,O3_nb_h1>120,d1,1,0,provisorisch
2026-01-24T00:00+0100,Zch_Stampfenbachstrasse,PM10,d1,µg/m3,22.44,provisorisch
2026-01-24T00:00+0100,Zch_Stampfenbachstrasse,PM2.5,d1,µg/m3,18.73,provisorisch
2026-01-25T00:00+0100,Zch_Heubeeribüel,NO,d1,µg/m3,2,provisorisch
2026-01-25T00:00+0100,Zch_Heubeeribüel,NO2,d1,µg/m3,16.16,provisorisch
2026-01-25T00:00+0100,Zch_Heubeeribüel,NOx,d1,ppb,10.05,provisorisch
2026-01-25T00:00+0100,Zch_Heubeeribüel,O3,d1,µg/m3,29.94,provisorisch
2026-01-25T00:00+0100,Zch_Heubeeribüel,O3_max_h1,d1,µg/m3,49.41,provisorisch
2026-01-25T00:00+0100,Zch_Heubeeribüel,O3_nb_h1>120,d1,1,0,provisorisch
2026-01-25T00:00+0100,Zch_Heubeeribüel,PM10,d1,µg/m3,17.57,provisorisch
2026-01-25T00:00+0100,Zch_Heubeeribüel,PM2.5,d1,µg/m3,17.06,provisorisch
2026-01-25T00:00+0100,Zch_Rosengartenstrasse,NO,d1,µg/m3,11.43,provisorisch
2026-01-25T00:00+0100,Zch_Rosengartenstrasse,NO2,d1,µg/m3,25.57,provisorisch
2026-01-25T00:00+0100,Zch_Rosengartenstrasse,NOx,d1,ppb,22.53,provisorisch
2026-01-25T00:00+0100,Zch_Rosengartenstrasse,O3,d1,µg/m3,21.14,provisorisch
2026-01-25T00:00+0100,Zch_Rosengartenstrasse,O3_max_h1,d1,µg/m3,40.41,provisorisch
2026-01-25T00:00+0100,Zch_Rosengartenstrasse,O3_nb_h1>120,d1,1,0,provisorisch
2026-01-25T00:00+0100,Zch_Rosengartenstrasse,PM10,d1,µg/m3,25.5,provisorisch
2026-01-25T00:00+0100,Zch_Rosengartenstrasse,PM2.5,d1,µg/m3,19,provisorisch
2026-01-25T00:00+0100,Zch_Rosengartenstrasse,PNc,d1,1/cm3,10182.6,provisorisch
2026-01-25T00:00+0100,Zch_Schimmelstrasse,NO,d1,µg/m3,5.9,provisorisch
2026-01-25T00:00+0100,Zch_Schimmelstrasse,NO2,d1,µg/m3,23.81,provisorisch
2026-01-25T00:00+0100,Zch_Schimmelstrasse,NOx,d1,ppb,17.18,provisorisch
2026-01-25T00:00+0100,Zch_Schimmelstrasse,O3,d1,µg/m3,23.62,provisorisch
2026-01-25T00:00+0100,Zch_Schimmelstrasse,O3_max_h1,d1,µg/m3,43.89,provisorisch
2026-01-25T00:00+0100,Zch_Schimmelstrasse,O3_nb_h1>120,d1,1,0,provisorisch
2026-01-25T00:00+0100,Zch_Schimmelstrasse,PM10,d1,µg/m3,23.68,provisorisch
2026-01-25T00:00+0100,Zch_Schimmelstrasse,PM2.5,d1,µg/m3,19.08,provisorisch
2026-01-25T00:00+0100,Zch_Schimmelstrasse,PN,d1,1/cm3,7541.75,provisorisch
2026-01-25T00:00+0100,Zch_Stampfenbachstrasse,NO,d1,µg/m3,3.07,provisorisch
2026-01-25T00:00+0100,Zch_Stampfenbachstrasse,NO2,d1,µg/m3,20.21,provisorisch
2026-01-25T00:00+0100,Zch_Stampfenbachstrasse,NOx,d1,ppb,13.03,provisorisch
2026-01-25T00:00+0100,Zch_Stampfenbachstrasse,O3,d1,µg/m3,25.29,provisorisch
2026-01-25T00:00+0100,Zch_Stampfenbachstrasse,O3_max_h1,d1,µg/m3,47.53,provisorisch
2026-01-25T00:00+0100,Zch_Stampfenbachstrasse,O3_nb_h1>120,d1,1,0,provisorisch
2026-01-25T00:00+0100,Zch_Stampfenbachstrasse,PM10,d1,µg/m3,24.14,provisorisch
2026-01-25T00:00+0100,Zch_Stampfenbachstrasse,PM2.5,d1,µg/m3,18.95,provisorisch
2026-01-26T00:00+0100,Zch_Heubeeribüel,NO,d1,µg/m3,1.26,provisorisch
2026-01-26T00:00+0100,Zch_Heubeeribüel,NO2,d1,µg/m3,11.5,provisorisch
2026-01-26T00:00+0100,Zch_Heubeeribüel,NOx,d1,ppb,7.02,provisorisch
2026-01-26T00:00+0100,Zch_Heubeeribüel,O3,d1,µg/m3,60,provisorisch
2026-01-26T00:00+0100,Zch_Heubeeribüel,O3_max_h1,d1,µg/m3,77.43,provisorisch
2026-01-26T00:00+0100,Zch_Heubeeribüel,O3_nb_h1>120,d1,1,0,provisorisch
2026-01-26T00:00+0100,Zch_Heubeeribüel,PM10,d1,µg/m3,6.27,provisorisch
2026-01-26T00:00+0100,Zch_Heubeeribüel,PM2.5,d1,µg/m3,4.65,provisorisch
2026-01-26T00:00+0100,Zch_Rosengartenstrasse,NO,d1,µg/m3,16.43,provisorisch
2026-01-26T00:00+0100,Zch_Rosengartenstrasse,NO2,d1,µg/m3,36.11,provisorisch
2026-01-26T00:00+0100,Zch_Rosengartenstrasse,NOx,d1,ppb,32.05,provisorisch
2026-01-26T00:00+0100,Zch_Rosengartenstrasse,O3,d1,µg/m3,32.32,provisorisch
2026-01-26T00:00+0100,Zch_Rosengartenstrasse,O3_max_h1,d1,µg/m3,58.33,provisorisch
2026-01-26T00:00+0100,Zch_Rosengartenstrasse,O3_nb_h1>120,d1,1,0,provisorisch
2026-01-26T00:00+0100,Zch_Rosengartenstrasse,PM10,d1,µg/m3,16.54,provisorisch
2026-01-26T00:00+0100,Zch_Rosengartenstrasse,PM2.5,d1,µg/m3,7.46,provisorisch
2026-01-26T00:00+0100,Zch_Rosengartenstrasse,PNc,d1,1/cm3,20714.46,provisorisch
2026-01-26T00:00+0100,Zch_Schimmelstrasse,NO,d1,µg/m3,7.65,provisorisch
2026-01-26T00:00+0100,Zch_Schimmelstrasse,NO2,d1,µg/m3,27.29,provisorisch
2026-01-26T00:00+0100,Zch_Schimmelstrasse,NOx,d1,ppb,20.4,provisorisch
2026-01-26T00:00+0100,Zch_Schimmelstrasse,O3,d1,µg/m3,42.27,provisorisch
2026-01-26T00:00+0100,Zch_Schimmelstrasse,O3_max_h1,d1,µg/m3,70.71,provisorisch
2026-01-26T00:00+0100,Zch_Schimmelstrasse,O3_nb_h1>120,d1,1,0,provisorisch
2026-01-26T00:00+0100,Zch_Schimmelstrasse,PM10,d1,µg/m3,10.72,provisorisch
2026-01-26T00:00+0100,Zch_Schimmelstrasse,PM2.5,d1,µg/m3,6.52,provisorisch
2026-01-26T00:00+0100,Zch_Schimmelstrasse,PN,d1,1/cm3,13854.65,provisorisch
2026-01-26T00:00+0100,Zch_Stampfenbachstrasse,NO,d1,µg/m3,3.13,provisorisch
2026-01-26T00:00+0100,Zch_Stampfenbachstrasse,NO2,d1,µg/m3,21.2,provisorisch
2026-01-26T00:00+0100,Zch_Stampfenbachstrasse,NOx,d1,ppb,13.6,provisorisch
2026-01-26T00:00+0100,Zch_Stampfenbachstrasse,O3,d1,µg/m3,45.47,provisorisch
2026-01-26T00:00+0100,Zch_Stampfenbachstrasse,O3_max_h1,d1,µg/m3,71.3,provisorisch
2026-01-26T00:00+0100,Zch_Stampfenbachstrasse,O3_nb_h1>120,d1,1,0,provisorisch
2026-01-26T00:00+0100,Zch_Stampfenbachstrasse,PM10,d1,µg/m3,10.39,provisorisch
2026-01-26T00:00+0100,Zch_Stampfenbachstrasse,PM2.5,d1,µg/m3,6.78,provisorisch
2026-01-27T00:00+0100,Zch_Heubeeribüel,NO,d1,µg/m3,5.71,provisorisch
2026-01-27T00:00+0100,Zch_Heubeeribüel,NO2,d1,µg/m3,23.34,provisorisch
2026-01-27T00:00+0100,Zch_Heubeeribüel,NOx,d1,ppb,16.78,provisorisch
2026-01-27T00:00+0100,Zch_Heubeeribüel,O3,d1,µg/m3,40.05,provisorisch
2026-01-27T00:00+0100,Zch_Heubeeribüel,O3_max_h1,d1,µg/m3,78.1,provisorisch
2026-01-27T00:00+0100,Zch_Heubeeribüel,O3_nb_h1>120,d1,1,0,provisorisch
2026-01-27T00:00+0100,Zch_Heubeeribüel,PM10,d1,µg/m3,9.34,provisorisch
2026-01-27T00:00+0100,Zch_Heubeeribüel,PM2.5,d1,µg/m3,6.2,provisorisch
2026-01-27T00:00+0100,Zch_Rosengartenstrasse,NO,d1,µg/m3,32.32,provisorisch
2026-01-27T00:00+0100,Zch_Rosengartenstrasse,NO2,d1,µg/m3,45.19,provisorisch
2026-01-27T00:00+0100,Zch_Rosengartenstrasse,NOx,d1,ppb,49.54,provisorisch
2026-01-27T00:00+0100,Zch_Rosengartenstrasse,O3,d1,µg/m3,12.82,provisorisch
2026-01-27T00:00+0100,Zch_Rosengartenstrasse,O3_max_h1,d1,µg/m3,25.46,provisorisch
2026-01-27T00:00+0100,Zch_Rosengartenstrasse,O3_nb_h1>120,d1,1,0,provisorisch
2026-01-27T00:00+0100,Zch_Rosengartenstrasse,PM10,d1,µg/m3,19.54,provisorisch
2026-01-27T00:00+0100,Zch_Rosengartenstrasse,PM2.5,d1,µg/m3,10.1,provisorisch
2026-01-27T00:00+0100,Zch_Rosengartenstrasse,PNc,d1,1/cm3,25634.86,provisorisch
2026-01-27T00:00+0100,Zch_Schimmelstrasse,NO,d1,µg/m3,38.11,provisorisch
2026-01-27T00:00+0100,Zch_Schimmelstrasse,NO2,d1,µg/m3,52.78,provisorisch
2026-01-27T00:00+0100,Zch_Schimmelstrasse,NOx,d1,ppb,58.15,provisorisch
2026-01-27T00:00+0100,Zch_Schimmelstrasse,O3,d1,µg/m3,11.27,provisorisch
2026-01-27T00:00+0100,Zch_Schimmelstrasse,O3_max_h1,d1,µg/m3,22.57,provisorisch
2026-01-27T00:00+0100,Zch_Schimmelstrasse,O3_nb_h1>120,d1,1,0,provisorisch
2026-01-27T00:00+0100,Zch_Schimmelstrasse,PM10,d1,µg/m3,19.77,provisorisch
2026-01-27T00:00+0100,Zch_Schimmelstrasse,PM2.5,d1,µg/m3,9.62,provisorisch
2026-01-27T00:00+0100,Zch_Schimmelstrasse,PN,d1,1/cm3,24437.08,provisorisch
2026-01-27T00:00+0100,Zch_Stampfenbachstrasse,NO,d1,µg/m3,19.45,provisorisch
2026-01-27T00:00+0100,Zch_Stampfenbachstrasse,NO2,d1,µg/m3,43.75,provisorisch
2026-01-27T00:00+0100,Zch_Stampfenbachstrasse,NOx,d1,ppb,38.48,provisorisch
2026-01-27T00:00+0100,Zch_Stampfenbachstrasse,O3,d1,µg/m3,14.26,provisorisch
2026-01-27T00:00+0100,Zch_Stampfenbachstrasse,O3_max_h1,d1,µg/m3,33.35,provisorisch
2026-01-27T00:00+0100,Zch_Stampfenbachstrasse,O3_nb_h1>120,d1,1,0,provisorisch
2026-01-27T00:00+0100,Zch_Stampfenbachstrasse,PM10,d1,µg/m3,16.93,provisorisch
2026-01-27T00:00+0100,Zch_Stampfenbachstrasse,PM2.5,d1,µg/m3,9.2,provisorisch
2026-01-28T00:00+0100,Zch_Heubeeribüel,NO,d1,µg/m3,2.65,provisorisch
2026-01-28T00:00+0100,Zch_Heubeeribüel,NO2,d1,µg/m3,22.52,provisorisch
2026-01-28T00:00+0100,Zch_Heubeeribüel,NOx,d1,ppb,13.91,provisorisch
2026-01-28T00:00+0100,Zch_Heubeeribüel,O3,d1,µg/m3,30.38,provisorisch
2026-01-28T00:00+0100,Zch_Heubeeribüel,O3_max_h1,d1,µg/m3,41.19,provisorisch
2026-01-28T00:00+0100,Zch_Heubeeribüel,O3_nb_h1>120,d1,1,0,provisorisch
2026-01-28T00:00+0100,Zch_Heubeeribüel,PM10,d1,µg/m3,11.19,provisorisch
2026-01-28T00:00+0100,Zch_Heubeeribüel,PM2.5,d1,µg/m3,9.47,provisorisch
2026-01-28T00:00+0100,Zch_Rosengartenstrasse,NO,d1,µg/m3,27.71,provisorisch
2026-01-28T00:00+0100,Zch_Rosengartenstrasse,NO2,d1,µg/m3,38.6,provisorisch
2026-01-28T00:00+0100,Zch_Rosengartenstrasse,NOx,d1,ppb,42.4,provisorisch
2026-01-28T00:00+0100,Zch_Rosengartenstrasse,O3,d1,µg/m3,13.78,provisorisch
2026-01-28T00:00+0100,Zch_Rosengartenstrasse,O3_max_h1,d1,µg/m3,34.55,provisorisch
2026-01-28T00:00+0100,Zch_Rosengartenstrasse,O3_nb_h1>120,d1,1,0,provisorisch
2026-01-28T00:00+0100,Zch_Rosengartenstrasse,PM10,d1,µg/m3,15.93,provisorisch
2026-01-28T00:00+0100,Zch_Rosengartenstrasse,PM2.5,d1,µg/m3,11.77,provisorisch
2026-01-28T00:00+0100,Zch_Rosengartenstrasse,PNc,d1,1/cm3,20007.94,provisorisch
2026-01-28T00:00+0100,Zch_Schimmelstrasse,NO,d1,µg/m3,23.27,provisorisch
2026-01-28T00:00+0100,Zch_Schimmelstrasse,NO2,d1,µg/m3,41.92,provisorisch
2026-01-28T00:00+0100,Zch_Schimmelstrasse,NOx,d1,ppb,40.58,provisorisch
2026-01-28T00:00+0100,Zch_Schimmelstrasse,O3,d1,µg/m3,14.47,provisorisch
2026-01-28T00:00+0100,Zch_Schimmelstrasse,O3_max_h1,d1,µg/m3,34.43,provisorisch
2026-01-28T00:00+0100,Zch_Schimmelstrasse,O3_nb_h1>120,d1,1,0,provisorisch
2026-01-28T00:00+0100,Zch_Schimmelstrasse,PM10,d1,µg/m3,16.2,provisorisch
2026-01-28T00:00+0100,Zch_Schimmelstrasse,PM2.5,d1,µg/m3,11.56,provisorisch
2026-01-28T00:00+0100,Zch_Schimmelstrasse,PN,d1,1/cm3,17416.53,provisorisch
2026-01-28T00:00+0100,Zch_Stampfenbachstrasse,NO,d1,µg/m3,9.1,provisorisch
2026-01-28T00:00+0100,Zch_Stampfenbachstrasse,NO2,d1,µg/m3,32.94,provisorisch
2026-01-28T00:00+0100,Zch_Stampfenbachstrasse,NOx,d1,ppb,24.52,provisorisch
2026-01-28T00:00+0100,Zch_Stampfenbachstrasse,O3,d1,µg/m3,18.84,provisorisch
2026-01-28T00:00+0100,Zch_Stampfenbachstrasse,O3_max_h1,d1,µg/m3,38.5,provisorisch
2026-01-28T00:00+0100,Zch_Stampfenbachstrasse,O3_nb_h1>120,d1,1,0,provisorisch
2026-01-28T00:00+0100,Zch_Stampfenbachstrasse,PM10,d1,µg/m3,14.47,provisorisch
2026-01-28T00:00+0100,Zch_Stampfenbachstrasse,PM2.5,d1,µg/m3,11.07,provisorisch
2026-01-29T00:00+0100,Zch_Heubeeribüel,NO,d1,µg/m3,1.57,provisorisch
2026-01-29T00:00+0100,Zch_Heubeeribüel,NO2,d1,µg/m3,12.99,provisorisch
2026-01-29T00:00+0100,Zch_Heubeeribüel,NOx,d1,ppb,8.05,provisorisch
2026-01-29T00:00+0100,Zch_Heubeeribüel,O3,d1,µg/m3,48.6,provisorisch
2026-01-29T00:00+0100,Zch_Heubeeribüel,O3_max_h1,d1,µg/m3,61.71,provisorisch
2026-01-29T00:00+0100,Zch_Heubeeribüel,O3_nb_h1>120,d1,1,0,provisorisch
2026-01-29T00:00+0100,Zch_Heubeeribüel,PM10,d1,µg/m3,5.62,provisorisch
2026-01-29T00:00+0100,Zch_Heubeeribüel,PM2.5,d1,µg/m3,4.19,provisorisch
2026-01-29T00:00+0100,Zch_Rosengartenstrasse,NO,d1,µg/m3,19.6,provisorisch
2026-01-29T00:00+0100,Zch_Rosengartenstrasse,NO2,d1,µg/m3,35.74,provisorisch
2026-01-29T00:00+0100,Zch_Rosengartenstrasse,NOx,d1,ppb,34.4,provisorisch
2026-01-29T00:00+0100,Zch_Rosengartenstrasse,O3,d1,µg/m3,24.99,provisorisch
2026-01-29T00:00+0100,Zch_Rosengartenstrasse,O3_max_h1,d1,µg/m3,49.36,provisorisch
2026-01-29T00:00+0100,Zch_Rosengartenstrasse,O3_nb_h1>120,d1,1,0,provisorisch
2026-01-29T00:00+0100,Zch_Rosengartenstrasse,PM10,d1,µg/m3,9.08,provisorisch
2026-01-29T00:00+0100,Zch_Rosengartenstrasse,PM2.5,d1,µg/m3,5.88,provisorisch
2026-01-29T00:00+0100,Zch_Rosengartenstrasse,PNc,d1,1/cm3,20772.19,provisorisch
2026-01-29T00:00+0100,Zch_Schimmelstrasse,NO,d1,µg/m3,15.76,provisorisch
2026-01-29T00:00+0100,Zch_Schimmelstrasse,NO2,d1,µg/m3,33.85,provisorisch
2026-01-29T00:00+0100,Zch_Schimmelstrasse,NOx,d1,ppb,30.33,provisorisch
2026-01-29T00:00+0100,Zch_Schimmelstrasse,O3,d1,µg/m3,29.24,provisorisch
2026-01-29T00:00+0100,Zch_Schimmelstrasse,O3_max_h1,d1,µg/m3,50.58,provisorisch
2026-01-29T00:00+0100,Zch_Schimmelstrasse,O3_nb_h1>120,d1,1,0,provisorisch
2026-01-29T00:00+0100,Zch_Schimmelstrasse,PM10,d1,µg/m3,8.27,provisorisch
2026-01-29T00:00+0100,Zch_Schimmelstrasse,PM2.5,d1,µg/m3,5.37,provisorisch
2026-01-29T00:00+0100,Zch_Schimmelstrasse,PN,d1,1/cm3,15465.38,provisorisch
2026-01-29T00:00+0100,Zch_Stampfenbachstrasse,NO,d1,µg/m3,5.16,provisorisch
2026-01-29T00:00+0100,Zch_Stampfenbachstrasse,NO2,d1,µg/m3,23.29,provisorisch
2026-01-29T00:00+0100,Zch_Stampfenbachstrasse,NOx,d1,ppb,16.32,provisorisch
2026-01-29T00:00+0100,Zch_Stampfenbachstrasse,O3,d1,µg/m3,36.29,provisorisch
2026-01-29T00:00+0100,Zch_Stampfenbachstrasse,O3_max_h1,d1,µg/m3,58.49,provisorisch
2026-01-29T00:00+0100,Zch_Stampfenbachstrasse,O3_nb_h1>120,d1,1,0,provisorisch
2026-01-29T00:00+0100,Zch_Stampfenbachstrasse,PM10,d1,µg/m3,7.31,provisorisch
2026-01-29T00:00+0100,Zch_Stampfenbachstrasse,PM2.5,d1,µg/m3,5.46,provisorisch
2026-01-30T00:00+0100,Zch_Heubeeribüel,NO,d1,µg/m3,2.18,provisorisch
2026-01-30T00:00+0100,Zch_Heubeeribüel,NO2,d1,µg/m3,19.06,provisorisch
2026-01-30T00:00+0100,Zch_Heubeeribüel,NOx,d1,ppb,11.71,provisorisch
2026-01-30T00:00+0100,Zch_Heubeeribüel,O3,d1,µg/m3,37.33,provisorisch
2026-01-30T00:00+0100,Zch_Heubeeribüel,O3_max_h1,d1,µg/m3,68.74,provisorisch
2026-01-30T00:00+0100,Zch_Heubeeribüel,O3_nb_h1>120,d1,1,0,provisorisch
2026-01-30T00:00+0100,Zch_Heubeeribüel,PM10,d1,µg/m3,8.03,provisorisch
2026-01-30T00:00+0100,Zch_Heubeeribüel,PM2.5,d1,µg/m3,7.21,provisorisch
2026-01-30T00:00+0100,Zch_Rosengartenstrasse,NO,d1,µg/m3,28.22,provisorisch
2026-01-30T00:00+0100,Zch_Rosengartenstrasse,NO2,d1,µg/m3,39.64,provisorisch
2026-01-30T00:00+0100,Zch_Rosengartenstrasse,NOx,d1,ppb,43.35,provisorisch
2026-01-30T00:00+0100,Zch_Rosengartenstrasse,O3,d1,µg/m3,14.09,provisorisch
2026-01-30T00:00+0100,Zch_Rosengartenstrasse,O3_max_h1,d1,µg/m3,29.99,provisorisch
2026-01-30T00:00+0100,Zch_Rosengartenstrasse,O3_nb_h1>120,d1,1,0,provisorisch
2026-01-30T00:00+0100,Zch_Rosengartenstrasse,PM10,d1,µg/m3,13.87,provisorisch
2026-01-30T00:00+0100,Zch_Rosengartenstrasse,PM2.5,d1,µg/m3,10.48,provisorisch
2026-01-30T00:00+0100,Zch_Rosengartenstrasse,PNc,d1,1/cm3,22184.69,provisorisch
2026-01-30T00:00+0100,Zch_Schimmelstrasse,NO,d1,µg/m3,13.27,provisorisch
2026-01-30T00:00+0100,Zch_Schimmelstrasse,NO2,d1,µg/m3,34.59,provisorisch
2026-01-30T00:00+0100,Zch_Schimmelstrasse,NOx,d1,ppb,28.72,provisorisch
2026-01-30T00:00+0100,Zch_Schimmelstrasse,O3,d1,µg/m3,18.67,provisorisch
2026-01-30T00:00+0100,Zch_Schimmelstrasse,O3_max_h1,d1,µg/m3,40.75,provisorisch
2026-01-30T00:00+0100,Zch_Schimmelstrasse,O3_nb_h1>120,d1,1,0,provisorisch
2026-01-30T00:00+0100,Zch_Schimmelstrasse,PM10,d1,µg/m3,15.32,provisorisch
2026-01-30T00:00+0100,Zch_Schimmelstrasse,PM2.5,d1,µg/m3,10.44,provisorisch
2026-01-30T00:00+0100,Zch_Schimmelstrasse,PN,d1,1/cm3,12084.48,provisorisch
2026-01-30T00:00+0100,Zch_Stampfenbachstrasse,NO,d1,µg/m3,9.5,provisorisch
2026-01-30T00:00+0100,Zch_Stampfenbachstrasse,NO2,d1,µg/m3,32.82,provisorisch
2026-01-30T00:00+0100,Zch_Stampfenbachstrasse,NOx,d1,ppb,24.78,provisorisch
2026-01-30T00:00+0100,Zch_Stampfenbachstrasse,O3,d1,µg/m3,19.26,provisorisch
2026-01-30T00:00+0100,Zch_Stampfenbachstrasse,O3_max_h1,d1,µg/m3,36.74,provisorisch
2026-01-30T00:00+0100,Zch_Stampfenbachstrasse,O3_nb_h1>120,d1,1,0,provisorisch
2026-01-30T00:00+0100,Zch_Stampfenbachstrasse,PM10,d1,µg/m3,12.29,provisorisch
2026-01-30T00:00+0100,Zch_Stampfenbachstrasse,PM2.5,d1,µg/m3,9.56,provisorisch
2026-01-31T00:00+0100,Zch_Heubeeribüel,NO,d1,µg/m3,1.26,provisorisch
2026-01-31T00:00+0100,Zch_Heubeeribüel,NO2,d1,µg/m3,11.21,provisorisch
2026-01-31T00:00+0100,Zch_Heubeeribüel,NOx,d1,ppb,6.87,provisorisch
2026-01-31T00:00+0100,Zch_Heubeeribüel,O3,d1,µg/m3,52.52,provisorisch
2026-01-31T00:00+0100,Zch_Heubeeribüel,O3_max_h1,d1,µg/m3,68.39,provisorisch
2026-01-31T00:00+0100,Zch_Heubeeribüel,O3_nb_h1>120,d1,1,0,provisorisch
2026-01-31T00:00+0100,Zch_Heubeeribüel,PM10,d1,µg/m3,8.71,provisorisch
2026-01-31T00:00+0100,Zch_Heubeeribüel,PM2.5,d1,µg/m3,8.08,provisorisch
2026-01-31T00:00+0100,Zch_Rosengartenstrasse,NO,d1,µg/m3,14.69,provisorisch
2026-01-31T00:00+0100,Zch_Rosengartenstrasse,NO2,d1,µg/m3,30.6,provisorisch
2026-01-31T00:00+0100,Zch_Rosengartenstrasse,NOx,d1,ppb,27.78,provisorisch
2026-01-31T00:00+0100,Zch_Rosengartenstrasse,O3,d1,µg/m3,31.37,provisorisch
2026-01-31T00:00+0100,Zch_Rosengartenstrasse,O3_max_h1,d1,µg/m3,45.01,provisorisch
2026-01-31T00:00+0100,Zch_Rosengartenstrasse,O3_nb_h1>120,d1,1,0,provisorisch
2026-01-31T00:00+0100,Zch_Rosengartenstrasse,PM10,d1,µg/m3,13.86,provisorisch
2026-01-31T00:00+0100,Zch_Rosengartenstrasse,PM2.5,d1,µg/m3,11.02,provisorisch
2026-01-31T00:00+0100,Zch_Rosengartenstrasse,PNc,d1,1/cm3,12679.09,provisorisch
2026-01-31T00:00+0100,Zch_Schimmelstrasse,NO,d1,µg/m3,9.61,provisorisch
2026-01-31T00:00+0100,Zch_Schimmelstrasse,NO2,d1,µg/m3,27.23,provisorisch
2026-01-31T00:00+0100,Zch_Schimmelstrasse,NOx,d1,ppb,21.94,provisorisch
2026-01-31T00:00+0100,Zch_Schimmelstrasse,O3,d1,µg/m3,33.66,provisorisch
2026-01-31T00:00+0100,Zch_Schimmelstrasse,O3_max_h1,d1,µg/m3,49.06,provisorisch
2026-01-31T00:00+0100,Zch_Schimmelstrasse,O3_nb_h1>120,d1,1,0,provisorisch
2026-01-31T00:00+0100,Zch_Schimmelstrasse,PM10,d1,µg/m3,13.77,provisorisch
2026-01-31T00:00+0100,Zch_Schimmelstrasse,PM2.5,d1,µg/m3,11.27,provisorisch
2026-01-31T00:00+0100,Zch_Schimmelstrasse,PN,d1,1/cm3,9419.45,provisorisch
2026-01-31T00:00+0100,Zch_Stampfenbachstrasse,NO,d1,µg/m3,4.16,provisorisch
2026-01-31T00:00+0100,Zch_Stampfenbachstrasse,NO2,d1,µg/m3,21.57,provisorisch
2026-01-31T00:00+0100,Zch_Stampfenbachstrasse,NOx,d1,ppb,14.61,provisorisch
2026-01-31T00:00+0100,Zch_Stampfenbachstrasse,O3,d1,µg/m3,38.38,provisorisch
2026-01-31T00:00+0100,Zch_Stampfenbachstrasse,O3_max_h1,d1,µg/m3,49.22,provisorisch
2026-01-31T00:00+0100,Zch_Stampfenbachstrasse,O3_nb_h1>120,d1,1,0,provisorisch
2026-01-31T00:00+0100,Zch_Stampfenbachstrasse,PM10,d1,µg/m3,12.51,provisorisch
2026-01-31T00:00+0100,Zch_Stampfenbachstrasse,PM2.5,d1,µg/m3,10.52,provisorisch
2026-02-01T00:00+0100,Zch_Heubeeribüel,NO,d1,µg/m3,1.65,provisorisch
2026-02-01T00:00+0100,Zch_Heubeeribüel,NO2,d1,µg/m3,11.98,provisorisch
2026-02-01T00:00+0100,Zch_Heubeeribüel,NOx,d1,ppb,7.59,provisorisch
2026-02-01T00:00+0100,Zch_Heubeeribüel,O3,d1,µg/m3,41.4,provisorisch
2026-02-01T00:00+0100,Zch_Heubeeribüel,O3_max_h1,d1,µg/m3,55.09,provisorisch
2026-02-01T00:00+0100,Zch_Heubeeribüel,O3_nb_h1>120,d1,1,0,provisorisch
2026-02-01T00:00+0100,Zch_Heubeeribüel,PM10,d1,µg/m3,11.96,provisorisch
2026-02-01T00:00+0100,Zch_Heubeeribüel,PM2.5,d1,µg/m3,11.03,provisorisch
2026-02-01T00:00+0100,Zch_Rosengartenstrasse,NO,d1,µg/m3,8.77,provisorisch
2026-02-01T00:00+0100,Zch_Rosengartenstrasse,NO2,d1,µg/m3,21.74,provisorisch
2026-02-01T00:00+0100,Zch_Rosengartenstrasse,NOx,d1,ppb,18.4,provisorisch
2026-02-01T00:00+0100,Zch_Rosengartenstrasse,O3,d1,µg/m3,32.44,provisorisch
2026-02-01T00:00+0100,Zch_Rosengartenstrasse,O3_max_h1,d1,µg/m3,46.88,provisorisch
2026-02-01T00:00+0100,Zch_Rosengartenstrasse,O3_nb_h1>120,d1,1,0,provisorisch
2026-02-01T00:00+0100,Zch_Rosengartenstrasse,PM10,d1,µg/m3,16.66,provisorisch
2026-02-01T00:00+0100,Zch_Rosengartenstrasse,PM2.5,d1,µg/m3,12.96,provisorisch
2026-02-01T00:00+0100,Zch_Rosengartenstrasse,PNc,d1,1/cm3,14476.09,provisorisch
2026-02-01T00:00+0100,Zch_Schimmelstrasse,NO,d1,µg/m3,10.59,provisorisch
2026-02-01T00:00+0100,Zch_Schimmelstrasse,NO2,d1,µg/m3,22.66,provisorisch
2026-02-01T00:00+0100,Zch_Schimmelstrasse,NOx,d1,ppb,20.34,provisorisch
2026-02-01T00:00+0100,Zch_Schimmelstrasse,O3,d1,µg/m3,32.18,provisorisch
2026-02-01T00:00+0100,Zch_Schimmelstrasse,O3_max_h1,d1,µg/m3,48.41,provisorisch
2026-02-01T00:00+0100,Zch_Schimmelstrasse,O3_nb_h1>120,d1,1,0,provisorisch
2026-02-01T00:00+0100,Zch_Schimmelstrasse,PM10,d1,µg/m3,16,provisorisch
2026-02-01T00:00+0100,Zch_Schimmelstrasse,PM2.5,d1,µg/m3,12.92,provisorisch
2026-02-01T00:00+0100,Zch_Schimmelstrasse,PN,d1,1/cm3,12399.25,provisorisch
2026-02-01T00:00+0100,Zch_Stampfenbachstrasse,NO,d1,µg/m3,4.43,provisorisch
2026-02-01T00:00+0100,Zch_Stampfenbachstrasse,NO2,d1,µg/m3,18.11,provisorisch
2026-02-01T00:00+0100,Zch_Stampfenbachstrasse,NOx,d1,ppb,13.02,provisorisch
2026-02-01T00:00+0100,Zch_Stampfenbachstrasse,O3,d1,µg/m3,34.49,provisorisch
2026-02-01T00:00+0100,Zch_Stampfenbachstrasse,O3_max_h1,d1,µg/m3,49.07,provisorisch
2026-02-01T00:00+0100,Zch_Stampfenbachstrasse,O3_nb_h1>120,d1,1,0,provisorisch
2026-02-01T00:00+0100,Zch_Stampfenbachstrasse,PM10,d1,µg/m3,15.92,provisorisch
2026-02-01T00:00+0100,Zch_Stampfenbachstrasse,PM2.5,d1,µg/m3,12.87,provisorisch
2026-02-02T00:00+0100,Zch_Heubeeribüel,NO,d1,µg/m3,5.31,provisorisch
2026-02-02T00:00+0100,Zch_Heubeeribüel,NO2,d1,µg/m3,20.02,provisorisch
2026-02-02T00:00+0100,Zch_Heubeeribüel,NOx,d1,ppb,14.73,provisorisch
2026-02-02T00:00+0100,Zch_Heubeeribüel,O3,d1,µg/m3,25.75,provisorisch
2026-02-02T00:00+0100,Zch_Heubeeribüel,O3_max_h1,d1,µg/m3,55.49,provisorisch
2026-02-02T00:00+0100,Zch_Heubeeribüel,O3_nb_h1>120,d1,1,0,provisorisch
2026-02-02T00:00+0100,Zch_Heubeeribüel,PM10,d1,µg/m3,13.81,provisorisch
2026-02-02T00:00+0100,Zch_Heubeeribüel,PM2.5,d1,µg/m3,11.65,provisorisch
2026-02-02T00:00+0100,Zch_Rosengartenstrasse,NO,d1,µg/m3,22.63,provisorisch
2026-02-02T00:00+0100,Zch_Rosengartenstrasse,NO2,d1,µg/m3,31.91,provisorisch
2026-02-02T00:00+0100,Zch_Rosengartenstrasse,NOx,d1,ppb,34.83,provisorisch
2026-02-02T00:00+0100,Zch_Rosengartenstrasse,O3,d1,µg/m3,13.62,provisorisch
2026-02-02T00:00+0100,Zch_Rosengartenstrasse,O3_max_h1,d1,µg/m3,29.19,provisorisch
2026-02-02T00:00+0100,Zch_Rosengartenstrasse,O3_nb_h1>120,d1,1,0,provisorisch
2026-02-02T00:00+0100,Zch_Rosengartenstrasse,PM10,d1,µg/m3,20.52,provisorisch
2026-02-02T00:00+0100,Zch_Rosengartenstrasse,PM2.5,d1,µg/m3,14.42,provisorisch
2026-02-02T00:00+0100,Zch_Rosengartenstrasse,PNc,d1,1/cm3,21983.5,provisorisch
2026-02-02T00:00+0100,Zch_Schimmelstrasse,NO,d1,µg/m3,25.32,provisorisch
2026-02-02T00:00+0100,Zch_Schimmelstrasse,NO2,d1,µg/m3,34.86,provisorisch
2026-02-02T00:00+0100,Zch_Schimmelstrasse,NOx,d1,ppb,38.53,provisorisch
2026-02-02T00:00+0100,Zch_Schimmelstrasse,O3,d1,µg/m3,14.23,provisorisch
2026-02-02T00:00+0100,Zch_Schimmelstrasse,O3_max_h1,d1,µg/m3,41.59,provisorisch
2026-02-02T00:00+0100,Zch_Schimmelstrasse,O3_nb_h1>120,d1,1,0,provisorisch
2026-02-02T00:00+0100,Zch_Schimmelstrasse,PM10,d1,µg/m3,21.69,provisorisch
2026-02-02T00:00+0100,Zch_Schimmelstrasse,PM2.5,d1,µg/m3,14.79,provisorisch
2026-02-02T00:00+0100,Zch_Schimmelstrasse,PN,d1,1/cm3,18651.8,provisorisch
2026-02-02T00:00+0100,Zch_Stampfenbachstrasse,NO,d1,µg/m3,13.22,provisorisch
2026-02-02T00:00+0100,Zch_Stampfenbachstrasse,NO2,d1,µg/m3,29.87,provisorisch
2026-02-02T00:00+0100,Zch_Stampfenbachstrasse,NOx,d1,ppb,26.22,provisorisch
2026-02-02T00:00+0100,Zch_Stampfenbachstrasse,O3,d1,µg/m3,14.45,provisorisch
2026-02-02T00:00+0100,Zch_Stampfenbachstrasse,O3_max_h1,d1,µg/m3,31.71,provisorisch
2026-02-02T00:00+0100,Zch_Stampfenbachstrasse,O3_nb_h1>120,d1,1,0,provisorisch
2026-02-02T00:00+0100,Zch_Stampfenbachstrasse,PM10,d1,µg/m3,19,provisorisch
2026-02-02T00:00+0100,Zch_Stampfenbachstrasse,PM2.5,d1,µg/m3,13.58,provisorisch
2026-02-03T00:00+0100,Zch_Heubeeribüel,NO,d1,µg/m3,1.98,provisorisch
2026-02-03T00:00+0100,Zch_Heubeeribüel,NO2,d1,µg/m3,12.92,provisorisch
2026-02-03T00:00+0100,Zch_Heubeeribüel,NOx,d1,ppb,8.35,provisorisch
2026-02-03T00:00+0100,Zch_Heubeeribüel,O3,d1,µg/m3,51.17,provisorisch
2026-02-03T00:00+0100,Zch_Heubeeribüel,O3_max_h1,d1,µg/m3,88.93,provisorisch
2026-02-03T00:00+0100,Zch_Heubeeribüel,O3_nb_h1>120,d1,1,0,provisorisch
2026-02-03T00:00+0100,Zch_Heubeeribüel,PM10,d1,µg/m3,9.54,provisorisch
2026-02-03T00:00+0100,Zch_Heubeeribüel,PM2.5,d1,µg/m3,7.95,provisorisch
2026-02-03T00:00+0100,Zch_Rosengartenstrasse,NO,d1,µg/m3,20.15,provisorisch
2026-02-03T00:00+0100,Zch_Rosengartenstrasse,NO2,d1,µg/m3,35.78,provisorisch
2026-02-03T00:00+0100,Zch_Rosengartenstrasse,NOx,d1,ppb,34.87,provisorisch
2026-02-03T00:00+0100,Zch_Rosengartenstrasse,O3,d1,µg/m3,25,provisorisch
2026-02-03T00:00+0100,Zch_Rosengartenstrasse,O3_max_h1,d1,µg/m3,62.31,provisorisch
2026-02-03T00:00+0100,Zch_Rosengartenstrasse,O3_nb_h1>120,d1,1,0,provisorisch
2026-02-03T00:00+0100,Zch_Rosengartenstrasse,PM10,d1,µg/m3,15.48,provisorisch
2026-02-03T00:00+0100,Zch_Rosengartenstrasse,PM2.5,d1,µg/m3,10.1,provisorisch
2026-02-03T00:00+0100,Zch_Rosengartenstrasse,PNc,d1,1/cm3,23506,provisorisch
2026-02-03T00:00+0100,Zch_Schimmelstrasse,NO,d1,µg/m3,17.24,provisorisch
2026-02-03T00:00+0100,Zch_Schimmelstrasse,NO2,d1,µg/m3,34.85,provisorisch
2026-02-03T00:00+0100,Zch_Schimmelstrasse,NOx,d1,ppb,32.05,provisorisch
2026-02-03T00:00+0100,Zch_Schimmelstrasse,O3,d1,µg/m3,25.14,provisorisch
2026-02-03T00:00+0100,Zch_Schimmelstrasse,O3_max_h1,d1,µg/m3,75.48,provisorisch
2026-02-03T00:00+0100,Zch_Schimmelstrasse,O3_nb_h1>120,d1,1,0,provisorisch
2026-02-03T00:00+0100,Zch_Schimmelstrasse,PM10,d1,µg/m3,15.25,provisorisch
2026-02-03T00:00+0100,Zch_Schimmelstrasse,PM2.5,d1,µg/m3,10.1,provisorisch
2026-02-03T00:00+0100,Zch_Schimmelstrasse,PN,d1,1/cm3,18341.49,provisorisch
2026-02-03T00:00+0100,Zch_Stampfenbachstrasse,NO,d1,µg/m3,6.73,provisorisch
2026-02-03T00:00+0100,Zch_Stampfenbachstrasse,NO2,d1,µg/m3,27.77,provisorisch
2026-02-03T00:00+0100,Zch_Stampfenbachstrasse,NOx,d1,ppb,19.92,provisorisch
2026-02-03T00:00+0100,Zch_Stampfenbachstrasse,O3,d1,µg/m3,29.86,provisorisch
2026-02-03T00:00+0100,Zch_Stampfenbachstrasse,O3_max_h1,d1,µg/m3,80.45,provisorisch
2026-02-03T00:00+0100,Zch_Stampfenbachstrasse,O3_nb_h1>120,d1,1,0,provisorisch
2026-02-03T00:00+0100,Zch_Stampfenbachstrasse,PM10,d1,µg/m3,13.88,provisorisch
2026-02-03T00:00+0100,Zch_Stampfenbachstrasse,PM2.5,d1,µg/m3,9.73,provisorisch
2026-02-04T00:00+0100,Zch_Heubeeribüel,NO,d1,µg/m3,2.99,provisorisch
2026-02-04T00:00+0100,Zch_Heubeeribüel,NO2,d1,µg/m3,21.37,provisorisch
2026-02-04T00:00+0100,Zch_Heubeeribüel,NOx,d1,ppb,13.57,provisorisch
2026-02-04T00:00+0100,Zch_Heubeeribüel,O3,d1,µg/m3,28.14,provisorisch
2026-02-04T00:00+0100,Zch_Heubeeribüel,O3_max_h1,d1,µg/m3,57.88,provisorisch
2026-02-04T00:00+0100,Zch_Heubeeribüel,O3_nb_h1>120,d1,1,0,provisorisch
2026-02-04T00:00+0100,Zch_Heubeeribüel,PM10,d1,µg/m3,11.55,provisorisch
2026-02-04T00:00+0100,Zch_Heubeeribüel,PM2.5,d1,µg/m3,10.23,provisorisch
2026-02-04T00:00+0100,Zch_Rosengartenstrasse,NO,d1,µg/m3,25.59,provisorisch
2026-02-04T00:00+0100,Zch_Rosengartenstrasse,NO2,d1,µg/m3,37.98,provisorisch
2026-02-04T00:00+0100,Zch_Rosengartenstrasse,NOx,d1,ppb,40.38,provisorisch
2026-02-04T00:00+0100,Zch_Rosengartenstrasse,O3,d1,µg/m3,9.09,provisorisch
2026-02-04T00:00+0100,Zch_Rosengartenstrasse,O3_max_h1,d1,µg/m3,21.15,provisorisch
2026-02-04T00:00+0100,Zch_Rosengartenstrasse,O3_nb_h1>120,d1,1,0,provisorisch
2026-02-04T00:00+0100,Zch_Rosengartenstrasse,PM10,d1,µg/m3,17.01,provisorisch
2026-02-04T00:00+0100,Zch_Rosengartenstrasse,PM2.5,d1,µg/m3,12.09,provisorisch
2026-02-04T00:00+0100,Zch_Rosengartenstrasse,PNc,d1,1/cm3,28357.34,provisorisch
2026-02-04T00:00+0100,Zch_Schimmelstrasse,NO,d1,µg/m3,34.6,provisorisch
2026-02-04T00:00+0100,Zch_Schimmelstrasse,NO2,d1,µg/m3,43.23,provisorisch
2026-02-04T00:00+0100,Zch_Schimmelstrasse,NOx,d1,ppb,50.35,provisorisch
2026-02-04T00:00+0100,Zch_Schimmelstrasse,O3,d1,µg/m3,8.29,provisorisch
2026-02-04T00:00+0100,Zch_Schimmelstrasse,O3_max_h1,d1,µg/m3,19.87,provisorisch
2026-02-04T00:00+0100,Zch_Schimmelstrasse,O3_nb_h1>120,d1,1,0,provisorisch
2026-02-04T00:00+0100,Zch_Schimmelstrasse,PM10,d1,µg/m3,18.76,provisorisch
2026-02-04T00:00+0100,Zch_Schimmelstrasse,PM2.5,d1,µg/m3,12.43,provisorisch
2026-02-04T00:00+0100,Zch_Schimmelstrasse,PN,d1,1/cm3,22596.82,provisorisch
2026-02-04T00:00+0100,Zch_Stampfenbachstrasse,NO,d1,µg/m3,16.63,provisorisch
2026-02-04T00:00+0100,Zch_Stampfenbachstrasse,NO2,d1,µg/m3,37.15,provisorisch
2026-02-04T00:00+0100,Zch_Stampfenbachstrasse,NOx,d1,ppb,32.76,provisorisch
2026-02-04T00:00+0100,Zch_Stampfenbachstrasse,O3,d1,µg/m3,9.29,provisorisch
2026-02-04T00:00+0100,Zch_Stampfenbachstrasse,O3_max_h1,d1,µg/m3,21.27,provisorisch
2026-02-04T00:00+0100,Zch_Stampfenbachstrasse,O3_nb_h1>120,d1,1,0,provisorisch
2026-02-04T00:00+0100,Zch_Stampfenbachstrasse,PM10,d1,µg/m3,16.26,provisorisch
2026-02-04T00:00+0100,Zch_Stampfenbachstrasse,PM2.5,d1,µg/m3,11.65,provisorisch
2026-02-05T00:00+0100,Zch_Heubeeribüel,NO,d1,µg/m3,8.79,provisorisch
2026-02-05T00:00+0100,Zch_Heubeeribüel,NO2,d1,µg/m3,29.15,provisorisch
2026-02-05T00:00+0100,Zch_Heubeeribüel,NOx,d1,ppb,22.29,provisorisch
2026-02-05T00:00+0100,Zch_Heubeeribüel,O3,d1,µg/m3,11.13,provisorisch
2026-02-05T00:00+0100,Zch_Heubeeribüel,O3_max_h1,d1,µg/m3,21.72,provisorisch
2026-02-05T00:00+0100,Zch_Heubeeribüel,O3_nb_h1>120,d1,1,0,provisorisch
2026-02-05T00:00+0100,Zch_Heubeeribüel,PM10,d1,µg/m3,16.64,provisorisch
2026-02-05T00:00+0100,Zch_Heubeeribüel,PM2.5,d1,µg/m3,15.26,provisorisch
2026-02-05T00:00+0100,Zch_Rosengartenstrasse,NO,d1,µg/m3,31.18,provisorisch
2026-02-05T00:00+0100,Zch_Rosengartenstrasse,NO2,d1,µg/m3,36.84,provisorisch
2026-02-05T00:00+0100,Zch_Rosengartenstrasse,NOx,d1,ppb,44.26,provisorisch
2026-02-05T00:00+0100,Zch_Rosengartenstrasse,O3,d1,µg/m3,6.4,provisorisch
2026-02-05T00:00+0100,Zch_Rosengartenstrasse,O3_max_h1,d1,µg/m3,17.95,provisorisch
2026-02-05T00:00+0100,Zch_Rosengartenstrasse,O3_nb_h1>120,d1,1,0,provisorisch
2026-02-05T00:00+0100,Zch_Rosengartenstrasse,PM10,d1,µg/m3,25.89,provisorisch
2026-02-05T00:00+0100,Zch_Rosengartenstrasse,PM2.5,d1,µg/m3,19.46,provisorisch
2026-02-05T00:00+0100,Zch_Rosengartenstrasse,PNc,d1,1/cm3,19382.08,provisorisch
2026-02-05T00:00+0100,Zch_Schimmelstrasse,NO,d1,µg/m3,31.66,provisorisch
2026-02-05T00:00+0100,Zch_Schimmelstrasse,NO2,d1,µg/m3,40.2,provisorisch
2026-02-05T00:00+0100,Zch_Schimmelstrasse,NOx,d1,ppb,46.4,provisorisch
2026-02-05T00:00+0100,Zch_Schimmelstrasse,O3,d1,µg/m3,6.36,provisorisch
2026-02-05T00:00+0100,Zch_Schimmelstrasse,O3_max_h1,d1,µg/m3,17.15,provisorisch
2026-02-05T00:00+0100,Zch_Schimmelstrasse,O3_nb_h1>120,d1,1,0,provisorisch
2026-02-05T00:00+0100,Zch_Schimmelstrasse,PM10,d1,µg/m3,26.33,provisorisch
2026-02-05T00:00+0100,Zch_Schimmelstrasse,PM2.5,d1,µg/m3,19.75,provisorisch
2026-02-05T00:00+0100,Zch_Schimmelstrasse,PN,d1,1/cm3,18213.82,provisorisch
2026-02-05T00:00+0100,Zch_Stampfenbachstrasse,NO,d1,µg/m3,17.58,provisorisch
2026-02-05T00:00+0100,Zch_Stampfenbachstrasse,NO2,d1,µg/m3,35.78,provisorisch
2026-02-05T00:00+0100,Zch_Stampfenbachstrasse,NOx,d1,ppb,32.81,provisorisch
2026-02-05T00:00+0100,Zch_Stampfenbachstrasse,O3,d1,µg/m3,6.67,provisorisch
2026-02-05T00:00+0100,Zch_Stampfenbachstrasse,O3_max_h1,d1,µg/m3,17.74,provisorisch
2026-02-05T00:00+0100,Zch_Stampfenbachstrasse,O3_nb_h1>120,d1,1,0,provisorisch
2026-02-05T00:00+0100,Zch_Stampfenbachstrasse,PM10,d1,µg/m3,24.33,provisorisch
2026-02-05T00:00+0100,Zch_Stampfenbachstrasse,PM2.5,d1,µg/m3,18.5,provisorisch
2026-02-06T00:00+0100,Zch_Heubeeribüel,NO,d1,µg/m3,2.62,provisorisch
2026-02-06T00:00+0100,Zch_Heubeeribüel,NO2,d1,µg/m3,18.62,provisorisch
2026-02-06T00:00+0100,Zch_Heubeeribüel,NOx,d1,ppb,11.84,provisorisch
2026-02-06T00:00+0100,Zch_Heubeeribüel,O3,d1,µg/m3,40.42,provisorisch
2026-02-06T00:00+0100,Zch_Heubeeribüel,O3_max_h1,d1,µg/m3,64.39,provisorisch
2026-02-06T00:00+0100,Zch_Heubeeribüel,O3_nb_h1>120,d1,1,0,provisorisch
2026-02-06T00:00+0100,Zch_Heubeeribüel,PM10,d1,µg/m3,11.69,provisorisch
2026-02-06T00:00+0100,Zch_Heubeeribüel,PM2.5,d1,µg/m3,10.31,provisorisch
2026-02-06T00:00+0100,Zch_Rosengartenstrasse,NO,d1,µg/m3,39.37,provisorisch
2026-02-06T00:00+0100,Zch_Rosengartenstrasse,NO2,d1,µg/m3,41.65,provisorisch
2026-02-06T00:00+0100,Zch_Rosengartenstrasse,NOx,d1,ppb,53.34,provisorisch
2026-02-06T00:00+0100,Zch_Rosengartenstrasse,O3,d1,µg/m3,15.09,provisorisch
2026-02-06T00:00+0100,Zch_Rosengartenstrasse,O3_max_h1,d1,µg/m3,42.99,provisorisch
2026-02-06T00:00+0100,Zch_Rosengartenstrasse,O3_nb_h1>120,d1,1,0,provisorisch
2026-02-06T00:00+0100,Zch_Rosengartenstrasse,PM10,d1,µg/m3,18.08,provisorisch
2026-02-06T00:00+0100,Zch_Rosengartenstrasse,PM2.5,d1,µg/m3,13.5,provisorisch
2026-02-06T00:00+0100,Zch_Rosengartenstrasse,PNc,d1,1/cm3,26206.99,provisorisch
2026-02-06T00:00+0100,Zch_Schimmelstrasse,NO,d1,µg/m3,20.81,provisorisch
2026-02-06T00:00+0100,Zch_Schimmelstrasse,NO2,d1,µg/m3,36.53,provisorisch
2026-02-06T00:00+0100,Zch_Schimmelstrasse,NOx,d1,ppb,35.79,provisorisch
2026-02-06T00:00+0100,Zch_Schimmelstrasse,O3,d1,µg/m3,22.15,provisorisch
2026-02-06T00:00+0100,Zch_Schimmelstrasse,O3_max_h1,d1,µg/m3,64.49,provisorisch
2026-02-06T00:00+0100,Zch_Schimmelstrasse,O3_nb_h1>120,d1,1,0,provisorisch
2026-02-06T00:00+0100,Zch_Schimmelstrasse,PM10,d1,µg/m3,16.62,provisorisch
2026-02-06T00:00+0100,Zch_Schimmelstrasse,PM2.5,d1,µg/m3,12.88,provisorisch
2026-02-06T00:00+0100,Zch_Schimmelstrasse,PN,d1,1/cm3,16680.77,provisorisch
2026-02-06T00:00+0100,Zch_Stampfenbachstrasse,NO,d1,µg/m3,9.71,provisorisch
2026-02-06T00:00+0100,Zch_Stampfenbachstrasse,NO2,d1,µg/m3,30.87,provisorisch
2026-02-06T00:00+0100,Zch_Stampfenbachstrasse,NOx,d1,ppb,23.93,provisorisch
2026-02-06T00:00+0100,Zch_Stampfenbachstrasse,O3,d1,µg/m3,23.2,provisorisch
2026-02-06T00:00+0100,Zch_Stampfenbachstrasse,O3_max_h1,d1,µg/m3,55.8,provisorisch
2026-02-06T00:00+0100,Zch_Stampfenbachstrasse,O3_nb_h1>120,d1,1,0,provisorisch
2026-02-06T00:00+0100,Zch_Stampfenbachstrasse,PM10,d1,µg/m3,17.17,provisorisch
2026-02-06T00:00+0100,Zch_Stampfenbachstrasse,PM2.5,d1,µg/m3,13.37,provisorisch
2026-02-07T00:00+0100,Zch_Heubeeribüel,NO,d1,µg/m3,1.5,provisorisch
2026-02-07T00:00+0100,Zch_Heubeeribüel,NO2,d1,µg/m3,8.27,provisorisch
2026-02-07T00:00+0100,Zch_Heubeeribüel,NOx,d1,ppb,5.53,provisorisch
2026-02-07T00:00+0100,Zch_Heubeeribüel,O3,d1,µg/m3,67.95,provisorisch
2026-02-07T00:00+0100,Zch_Heubeeribüel,O3_max_h1,d1,µg/m3,76.84,provisorisch
2026-02-07T00:00+0100,Zch_Heubeeribüel,O3_nb_h1>120,d1,1,0,provisorisch
2026-02-07T00:00+0100,Zch_Heubeeribüel,PM10,d1,µg/m3,3.87,provisorisch
2026-02-07T00:00+0100,Zch_Heubeeribüel,PM2.5,d1,µg/m3,2.48,provisorisch
2026-02-07T00:00+0100,Zch_Rosengartenstrasse,NO,d1,µg/m3,18.7,provisorisch
2026-02-07T00:00+0100,Zch_Rosengartenstrasse,NO2,d1,µg/m3,37.42,provisorisch
2026-02-07T00:00+0100,Zch_Rosengartenstrasse,NOx,d1,ppb,34.56,provisorisch
2026-02-07T00:00+0100,Zch_Rosengartenstrasse,O3,d1,µg/m3,33.69,provisorisch
2026-02-07T00:00+0100,Zch_Rosengartenstrasse,O3_max_h1,d1,µg/m3,61.42,provisorisch
2026-02-07T00:00+0100,Zch_Rosengartenstrasse,O3_nb_h1>120,d1,1,0,provisorisch
2026-02-07T00:00+0100,Zch_Rosengartenstrasse,PM10,d1,µg/m3,7.47,provisorisch
2026-02-07T00:00+0100,Zch_Rosengartenstrasse,PM2.5,d1,µg/m3,4.94,provisorisch
2026-02-07T00:00+0100,Zch_Rosengartenstrasse,PNc,d1,1/cm3,25657.58,provisorisch
2026-02-07T00:00+0100,Zch_Schimmelstrasse,NO,d1,µg/m3,16.29,provisorisch
2026-02-07T00:00+0100,Zch_Schimmelstrasse,NO2,d1,µg/m3,32.81,provisorisch
2026-02-07T00:00+0100,Zch_Schimmelstrasse,NOx,d1,ppb,30.21,provisorisch
2026-02-07T00:00+0100,Zch_Schimmelstrasse,O3,d1,µg/m3,36.98,provisorisch
2026-02-07T00:00+0100,Zch_Schimmelstrasse,O3_max_h1,d1,µg/m3,69.15,provisorisch
2026-02-07T00:00+0100,Zch_Schimmelstrasse,O3_nb_h1>120,d1,1,0,provisorisch
2026-02-07T00:00+0100,Zch_Schimmelstrasse,PM10,d1,µg/m3,9.19,provisorisch
2026-02-07T00:00+0100,Zch_Schimmelstrasse,PM2.5,d1,µg/m3,5.67,provisorisch
2026-02-07T00:00+0100,Zch_Schimmelstrasse,PN,d1,1/cm3,19933.12,provisorisch
2026-02-07T00:00+0100,Zch_Stampfenbachstrasse,NO,d1,µg/m3,7.73,provisorisch
2026-02-07T00:00+0100,Zch_Stampfenbachstrasse,NO2,d1,µg/m3,26.64,provisorisch
2026-02-07T00:00+0100,Zch_Stampfenbachstrasse,NOx,d1,ppb,20.13,provisorisch
2026-02-07T00:00+0100,Zch_Stampfenbachstrasse,O3,d1,µg/m3,40.33,provisorisch
2026-02-07T00:00+0100,Zch_Stampfenbachstrasse,O3_max_h1,d1,µg/m3,64.99,provisorisch
2026-02-07T00:00+0100,Zch_Stampfenbachstrasse,O3_nb_h1>120,d1,1,0,provisorisch
2026-02-07T00:00+0100,Zch_Stampfenbachstrasse,PM10,d1,µg/m3,7.32,provisorisch
2026-02-07T00:00+0100,Zch_Stampfenbachstrasse,PM2.5,d1,µg/m3,4.97,provisorisch
